yearmonth,Agric,Food ,Soda ,Beer ,Smoke,Toys ,Fun  ,Books,Hshld,Clths,Hlth ,MedEq,Drugs,Chems,Rubbr,Txtls,BldMt,Cnstr,Steel,FabPr,Mach ,ElcEq,Autos,Aero ,Ships,Guns ,Gold ,Mines,Coal ,Oil  ,Util ,Telcm,PerSv,BusSv,Hardw,Softw,Chips,LabEq,Paper,Boxes,Trans,Whlsl,Rtail,Meals,Banks,Insur,RlEst,Fin  ,Other
2005-01-01,-2.81,0.39,3.08,-0.67,4.36,-2.18,-5.07,-3.3,-1.25,-2.56,1.96,-0.09,-5.6,-1.45,-7.96,-3.32,3.21,3.09,-0.39,-0.98,-5.22,-1.19,-8.0,-0.94,-2.46,0.55,-6.48,1.1,4.55,2.99,1.76,-4.21,-1.18,-3.38,-4.71,-6.85,-7.6,-4.47,-3.19,-4.12,-6.88,-2.73,-0.98,0.38,-3.02,-0.82,2.2,-0.49,-0.61
2005-02-01,2.93,-1.03,-0.37,1.47,3.12,0.02,-1.1,-0.09,0.02,2.09,4.5,1.35,2.55,8.27,2.5,0.81,-0.31,9.26,9.82,-2.91,6.67,2.35,-0.33,4.76,1.73,1.91,8.04,10.49,14.19,19.52,2.36,-0.3,-2.28,0.92,-0.81,-2.19,4.07,2.28,1.62,9.73,2.48,3.12,0.33,1.13,-1.54,2.59,7.87,-0.52,-0.72
2005-03-01,0.82,-1.36,-0.3,-0.98,0.31,-6.44,0.11,-1.17,-0.59,-1.07,6.54,-4.9,0.03,-2.04,0.34,-6.42,-0.98,-7.1,-7.53,-5.09,-3.08,-2.67,-8.57,2.44,1.87,2.55,-5.94,-4.6,-3.58,-3.44,0.61,-0.18,-0.31,-0.52,-1.05,-2.75,-3.12,-6.43,-0.37,-1.98,-0.97,-1.82,0.49,0.29,-3.17,-4.34,-4.34,-1.19,0.45
2005-04-01,-1.26,-0.07,1.3,2.22,-1.34,-11.48,-3.88,-3.01,-2.57,-7.3,0.77,3.03,4.5,-7.45,-4.65,-5.98,-0.72,-3.45,-9.91,-1.01,-5.53,-8.01,-11.24,-0.41,-3.22,-1.09,-10.45,-9.37,-6.08,-5.58,2.13,-2.0,-3.0,-3.64,-6.45,-4.86,-2.32,-5.46,-8.24,-4.92,-6.24,-2.65,-5.68,-5.84,0.39,-1.89,-1.02,-4.4,-0.57
2005-05-01,4.8,1.94,3.87,2.42,3.18,3.28,4.7,-1.21,1.69,6.63,1.95,0.46,1.69,0.23,5.83,5.9,2.55,10.25,0.21,7.31,5.63,6.89,10.32,5.53,3.85,7.07,-1.41,5.72,10.33,1.92,1.66,1.54,5.0,2.21,10.58,6.15,10.55,8.9,0.72,0.05,5.09,4.26,6.66,8.09,2.5,5.93,9.2,1.37,0.89
2005-06-01,-0.62,-2.45,2.11,-3.93,-2.34,1.87,-1.3,-0.7,-2.56,5.81,3.56,-1.58,-0.74,-0.93,1.39,1.65,-0.5,8.89,-3.01,-2.1,0.67,-2.81,3.0,-0.14,2.17,-0.3,4.87,6.72,7.29,5.75,5.56,0.14,4.59,2.94,-1.11,-2.71,-1.17,-1.45,-3.14,-3.4,-3.1,1.5,3.04,-2.46,0.92,3.96,6.55,5.91,-2.95
2005-07-01,4.54,2.14,4.28,1.66,3.58,2.99,4.27,2.32,3.42,3.29,-4.25,6.38,3.87,4.64,2.6,2.81,8.05,11.16,13.15,-0.21,10.68,6.8,7.56,1.74,6.56,-2.19,-3.88,10.38,20.92,5.8,2.98,3.09,1.7,5.26,3.17,5.51,9.26,8.74,5.15,4.71,8.15,5.18,6.03,4.51,0.52,3.25,-1.34,4.75,-0.21
2005-08-01,-4.02,-1.87,-2.17,0.5,4.54,2.73,-1.41,0.45,-1.08,-3.96,-0.07,0.41,-0.51,-6.04,-6.15,-2.2,-1.4,-3.39,-0.76,-2.34,1.28,0.22,-4.13,-0.02,-0.12,0.0,4.72,1.56,8.77,5.62,1.25,-1.25,-0.87,-0.27,-2.67,0.8,-0.62,1.08,-3.59,1.07,-3.62,-1.39,-6.63,-4.84,-1.71,-0.9,-3.56,-1.17,-2.06
2005-09-01,1.58,2.01,-8.31,0.54,4.74,-3.68,-1.11,-3.54,1.54,-1.85,-1.09,-4.12,-1.43,-1.85,-1.39,-4.55,4.16,1.12,3.08,-4.75,-0.1,2.32,-6.48,0.99,4.58,-2.27,19.35,10.68,9.49,7.2,4.38,-1.47,-6.45,1.14,2.21,-0.06,1.09,-0.42,0.7,-5.25,3.95,-0.07,-2.19,-0.27,-1.47,4.34,-1.4,6.81,0.4
2005-10-01,-4.47,-3.01,-0.95,0.53,1.7,-7.09,-1.95,-7.13,-3.28,-2.29,-4.59,-1.5,-3.58,2.32,0.39,-4.07,-6.04,-10.97,-4.33,-6.97,-4.57,-4.25,-6.61,-4.8,-2.79,-1.58,-10.07,-3.0,-9.74,-10.18,-6.85,-2.98,0.24,-0.41,-1.56,1.39,-6.53,-3.5,0.89,-0.94,2.58,-2.01,2.21,0.19,2.86,2.05,-8.41,3.27,1.22
2005-11-01,-3.52,-0.65,4.65,1.54,-2.62,6.28,5.65,3.1,3.09,6.26,5.41,2.33,1.03,3.42,4.02,5.19,3.41,7.29,12.83,10.45,7.0,6.79,-1.03,5.66,-0.67,1.06,8.63,6.48,0.66,1.01,-0.22,2.63,3.51,4.54,2.7,5.68,10.76,8.12,7.61,7.64,7.49,4.59,3.7,6.83,4.43,4.76,3.24,4.33,4.85
2005-12-01,-0.31,0.05,-0.33,-2.11,4.2,-1.13,-2.97,0.71,1.56,-0.24,-1.57,1.16,3.09,0.58,1.93,0.88,0.03,-0.43,3.67,-7.07,0.83,-0.65,-1.51,3.06,0.62,4.39,14.71,2.66,1.52,0.47,1.24,-1.66,-3.39,-0.12,0.33,-2.69,-2.68,-1.64,1.63,-0.08,1.76,1.07,-1.06,0.99,0.34,0.02,-0.37,0.73,-0.75
2006-01-01,2.67,1.54,3.41,-0.74,-2.45,6.98,4.53,0.55,2.69,2.48,0.67,3.05,2.08,3.24,3.98,-3.05,7.82,10.8,14.93,10.76,11.59,6.35,5.05,1.43,5.02,6.37,16.62,17.43,15.14,12.47,3.03,3.82,-0.17,3.7,4.93,3.15,4.49,5.66,-3.02,0.03,4.93,6.91,0.7,4.33,0.55,-1.07,0.04,9.75,-2.85
2006-02-01,0.65,1.62,0.42,1.94,-0.11,1.02,0.27,2.23,1.11,0.25,0.76,-1.99,1.88,-0.29,3.18,3.41,2.67,-7.38,-2.94,3.76,-0.93,3.1,-2.46,4.88,6.0,7.04,-12.86,-5.76,-8.53,-8.13,0.22,3.33,-0.84,1.6,1.78,-3.51,-0.4,2.5,1.14,-0.42,1.14,1.57,1.28,2.11,2.02,0.51,2.01,2.14,0.63
2006-03-01,4.66,2.63,6.9,0.28,0.12,4.15,3.62,0.86,-0.4,3.36,-1.34,-1.13,-0.89,1.31,3.21,-2.0,4.18,2.1,12.14,2.45,3.18,5.05,2.49,3.79,2.96,3.27,0.22,11.32,5.81,3.95,-3.64,1.82,3.79,2.41,2.53,2.96,3.21,2.72,3.33,3.27,4.65,3.91,2.22,2.39,0.31,-0.35,7.76,3.29,5.26
2006-04-01,-1.67,2.29,0.64,0.97,3.33,-7.69,3.88,-0.54,1.48,-1.16,-1.24,-0.8,-2.29,2.93,3.0,1.15,1.28,-1.34,7.67,-0.77,6.08,0.84,-1.08,5.31,4.43,1.07,11.52,5.37,20.78,4.19,1.85,1.68,1.83,0.94,-1.93,-2.77,0.98,1.54,7.05,-3.36,0.36,-3.22,-1.35,-0.19,5.09,-0.77,0.45,1.02,-0.23
2006-05-01,-5.83,3.6,3.48,3.62,-0.95,-2.45,-1.32,2.92,-4.16,-5.44,0.02,-4.37,-1.88,-2.24,-3.15,1.37,-7.86,-9.34,-4.59,-7.23,-3.6,-4.3,2.56,-0.87,-3.46,-4.14,-11.73,-11.41,-1.63,-3.52,1.5,-0.22,-3.7,-4.13,-5.62,-6.63,-9.02,-5.04,-2.35,-3.83,-1.65,-2.16,-1.4,-3.7,-2.68,-3.55,-8.07,-6.82,0.08
2006-06-01,0.19,-0.69,3.03,-0.81,2.95,1.23,0.66,0.34,0.82,-0.25,0.07,-4.32,0.8,-1.15,-0.95,1.45,-3.42,-3.82,2.89,-2.61,-0.89,1.46,1.79,-0.65,2.0,-1.2,1.38,0.93,-6.06,3.05,2.41,2.96,-0.67,-0.08,-2.98,0.74,-3.62,-1.76,-3.27,1.09,4.34,-1.17,0.47,1.68,-0.7,-0.11,1.67,-0.09,-2.13
2006-07-01,2.84,1.48,3.31,4.45,9.04,-3.87,-7.5,-0.69,0.42,-3.08,1.4,4.5,4.31,-4.31,0.52,-3.13,-8.42,-6.65,-4.15,-7.52,-5.91,-5.99,-3.74,-3.48,-1.88,9.53,-3.14,-1.49,-12.59,5.73,4.83,2.42,-3.91,-4.94,-3.38,-2.43,-5.99,-2.54,-5.65,1.02,-11.22,-2.0,-4.74,-6.06,2.17,0.31,-6.0,0.78,-0.8
2006-08-01,10.03,2.2,-3.61,2.25,4.31,3.74,2.34,2.98,6.75,4.19,5.47,1.16,2.31,3.86,4.73,1.49,2.45,1.24,-2.6,-1.08,-0.71,1.36,3.12,-0.97,1.15,3.33,1.44,3.09,-10.42,-3.09,2.28,2.28,-1.14,2.96,12.08,5.63,8.09,3.57,2.31,3.97,-1.26,1.6,2.38,2.97,0.84,3.74,-6.01,0.42,4.04
2006-09-01,-1.27,0.51,-1.19,-0.13,-6.39,5.08,4.88,1.1,1.74,9.08,-1.82,-0.69,2.33,2.46,3.96,1.93,0.89,-3.55,0.17,-5.2,0.27,3.51,3.34,3.64,4.37,4.28,-15.66,-1.64,-15.05,-3.52,-2.11,3.66,2.47,2.18,4.13,4.91,2.24,0.87,1.97,2.46,3.99,1.35,6.31,7.17,2.93,2.04,-0.28,9.39,2.93
2006-10-01,-4.53,1.94,-5.84,0.42,5.43,12.71,8.29,6.29,3.22,8.04,-4.26,3.86,1.78,5.77,6.01,0.26,4.08,5.82,11.05,19.34,2.81,5.12,3.89,3.22,1.72,0.84,5.98,9.93,14.5,4.94,5.36,5.19,-0.69,4.76,4.72,6.86,-0.95,6.58,4.85,5.47,6.34,5.0,3.17,7.7,1.35,0.86,6.64,6.34,2.79
2006-11-01,7.96,0.17,-0.33,-0.47,3.41,0.96,5.21,1.77,0.45,4.25,3.11,1.96,-0.56,2.83,3.95,3.67,4.66,7.64,8.83,-2.56,4.31,1.74,1.02,4.42,4.96,4.03,4.5,8.73,5.85,8.66,3.06,0.63,4.11,1.98,7.62,2.22,1.55,1.28,2.3,5.68,2.19,2.17,-2.26,1.74,-0.05,2.43,3.37,1.59,1.07
2006-12-01,7.11,0.42,2.59,2.43,3.01,-1.29,4.89,1.83,1.27,0.15,2.89,2.69,-0.62,1.06,1.61,-1.8,2.23,-2.28,-2.7,0.31,0.07,-0.55,1.54,0.29,-1.5,1.33,-3.49,-2.5,-12.65,-1.67,0.73,4.33,0.64,1.38,-0.63,-0.54,-2.82,1.67,0.75,3.22,-2.27,-0.38,1.76,2.19,4.18,3.47,2.32,2.96,4.43
2007-01-01,4.16,0.53,3.21,1.65,1.29,1.52,6.73,-1.08,2.0,3.01,1.01,5.6,3.2,3.74,-0.75,8.13,4.88,1.14,9.91,-2.61,1.39,3.54,6.11,3.93,4.91,5.42,-1.28,11.1,1.51,-1.41,0.51,3.0,7.25,2.34,0.78,3.31,1.32,1.86,0.71,6.32,4.34,4.0,3.96,1.03,-0.26,-0.86,11.36,4.03,-1.81
2007-02-01,-2.39,0.21,-3.4,-2.64,-3.51,2.68,-5.23,0.06,-1.45,1.57,2.96,-2.88,-3.26,2.11,1.62,5.07,2.07,-3.41,2.66,-2.5,2.64,-1.61,0.91,-1.63,-1.35,0.73,0.84,9.7,1.93,-2.2,4.14,-2.77,-0.87,-0.29,-3.58,-4.07,0.72,-0.67,1.37,2.33,-0.69,0.03,-0.33,-1.58,-2.76,0.18,1.98,-6.31,-2.93
2007-03-01,4.47,2.76,4.63,2.48,4.88,0.4,-0.14,-2.01,-0.9,0.7,-0.73,0.46,-0.39,2.07,2.51,-3.82,-4.11,-4.44,6.31,-0.19,2.64,-0.38,2.5,0.58,0.18,0.07,-5.54,5.13,2.4,5.96,4.33,2.32,-0.82,0.31,1.27,1.48,-0.99,2.6,1.01,2.6,-0.13,2.74,0.34,1.15,-1.13,0.51,1.47,0.57,1.53
2007-04-01,6.37,3.22,5.24,4.85,2.78,9.41,0.82,2.08,3.6,1.58,3.18,3.91,7.76,1.83,3.35,8.54,3.69,4.28,3.34,5.54,6.63,6.07,5.83,6.79,3.8,-0.38,-0.77,7.57,14.41,4.93,3.94,1.74,3.44,4.47,4.99,3.98,6.06,2.68,5.03,8.56,3.01,1.41,2.16,2.4,2.81,3.82,3.14,6.12,2.97
2007-05-01,3.82,0.38,4.9,3.41,2.62,-0.31,1.68,6.56,-0.92,4.95,2.32,1.09,1.07,5.03,1.67,9.9,5.73,8.29,10.52,11.09,5.74,7.44,3.98,6.82,2.72,3.05,-3.43,9.36,13.28,6.98,1.2,7.31,6.07,6.24,6.36,3.49,2.28,3.06,4.13,5.13,4.85,2.95,1.98,3.64,2.09,3.55,5.14,3.8,2.15
2007-06-01,7.05,-1.07,0.34,-2.06,-0.06,-4.95,-1.45,-3.15,-3.15,-0.53,-0.87,-1.43,-4.04,1.93,-4.8,-0.06,-2.48,-7.37,-3.5,5.3,1.56,-1.36,5.14,-1.56,-2.98,-2.97,-2.95,2.49,-8.56,1.13,-4.83,-1.8,1.94,-1.43,1.56,-1.37,2.8,1.51,-0.84,-0.49,-2.22,-1.71,-1.76,-4.12,-3.77,-3.13,-6.75,-3.87,1.26
2007-07-01,-3.81,-4.77,-1.96,-1.16,-5.09,-7.06,-1.0,-8.31,-0.31,-4.54,-5.79,-1.92,-4.37,-0.72,-6.72,-3.76,-4.38,-7.32,-2.68,-3.5,1.37,-0.1,-7.87,4.14,-0.93,4.36,6.34,7.61,-13.81,-0.8,-3.72,-3.1,-6.84,-4.84,2.66,-2.23,-2.06,-0.14,-2.35,-1.86,-1.29,-4.84,-5.58,-1.95,-7.38,-7.67,-9.55,-7.74,0.24
2007-08-01,7.39,1.79,5.36,3.44,4.21,-4.23,4.22,-6.18,2.42,-2.79,-0.11,2.47,2.38,2.1,-1.23,-2.64,-1.14,-3.59,-2.66,-1.15,1.26,1.16,-1.49,-1.31,-1.78,1.26,-0.4,-4.95,-1.06,0.32,1.84,-0.86,0.66,-0.44,5.82,1.85,2.26,1.83,-0.31,0.3,-2.22,1.82,1.31,2.63,2.86,2.0,-4.26,-2.61,2.5
2007-09-01,20.58,2.11,7.91,6.82,0.88,-4.75,12.01,-1.6,5.66,2.31,3.33,4.91,3.22,5.19,2.45,-5.33,-0.29,-2.67,8.54,-3.24,4.82,4.7,6.03,7.54,4.77,8.59,7.65,14.8,13.61,7.73,3.54,2.05,3.28,0.29,4.06,5.02,3.2,5.43,1.84,0.32,0.05,1.08,-1.76,2.96,0.15,2.79,-0.26,6.14,5.19
2007-10-01,13.58,-1.92,11.34,4.16,4.57,-2.91,0.2,-0.34,1.3,-1.5,-1.68,-1.76,2.56,3.28,3.59,5.54,2.62,7.08,2.53,5.11,-1.27,-0.3,0.52,-2.16,6.19,0.5,12.72,10.29,19.18,2.43,6.83,-2.17,9.19,3.57,7.3,10.9,1.02,3.47,0.63,3.18,2.33,2.76,-0.14,4.97,-3.73,-2.05,-0.96,6.44,3.01
2007-11-01,0.91,1.48,-7.62,2.14,6.64,-7.39,-8.49,-8.24,3.57,-8.23,-0.12,-0.73,0.21,-4.33,-6.96,-6.04,-6.88,-11.84,-5.93,-5.35,-2.68,3.63,-13.39,-3.59,-5.38,0.78,-1.22,-13.81,3.92,-4.59,-0.72,-6.43,-7.65,-6.84,-10.72,-7.66,-5.39,-2.99,-6.13,-3.19,-3.95,-7.35,-2.79,-5.09,-8.28,-0.96,-11.84,-8.26,-2.74
2007-12-01,11.64,-0.07,-1.83,-1.03,-2.08,-4.79,-4.06,-2.49,-1.25,-7.31,-0.72,0.77,-5.26,4.33,-1.81,-6.13,-3.19,3.0,1.06,2.44,3.24,0.6,-2.66,0.8,0.19,-4.83,-1.41,-0.86,13.81,7.5,0.9,-0.25,-6.22,-1.43,0.02,2.89,1.07,-0.05,-0.73,3.8,-3.35,-0.54,-3.05,-4.44,-7.73,0.23,-8.11,-1.17,-1.18
2008-01-01,-0.51,-7.81,-13.62,-7.88,-0.45,-4.08,-10.27,-6.78,-8.53,0.04,-6.74,-3.44,-4.74,-5.77,-4.5,1.37,-2.94,-1.24,-10.94,-10.9,-9.87,-10.81,-4.6,-6.94,-3.4,1.29,9.29,-9.84,-3.19,-9.27,-6.93,-7.75,-1.08,-7.32,-17.06,-10.17,-12.21,-11.4,-4.72,-1.98,2.61,-4.18,1.6,-6.37,3.95,-6.22,-0.43,-5.75,-4.47
2008-02-01,2.82,3.04,2.96,1.14,-2.69,-8.02,-5.8,-9.76,0.08,-4.57,-3.68,0.58,-1.13,4.19,-3.85,-1.82,-7.72,-3.65,6.78,8.86,3.21,-1.15,-6.83,-2.34,-2.59,-3.83,-3.42,14.33,8.69,6.81,-3.02,-3.88,-13.5,-1.37,-0.75,-6.21,-3.3,1.67,-4.14,0.96,-3.81,-2.17,-5.83,-0.46,-12.09,-8.06,-5.85,-12.1,-2.0
2008-03-01,-3.76,2.23,-2.09,3.75,-0.12,3.29,-2.78,-5.82,3.55,3.33,-4.45,-0.95,-1.8,-1.78,2.98,-0.81,3.95,0.63,-0.51,0.0,-0.4,0.36,-3.89,-4.4,1.2,-3.72,-10.68,-6.12,-7.65,-2.78,0.81,-0.05,-6.76,-1.94,0.48,1.16,0.51,-0.02,-0.94,2.25,2.99,-2.16,2.53,2.98,-1.62,-6.41,0.13,-6.29,4.19
2008-04-01,2.73,3.71,-3.2,-2.71,-9.48,5.25,-1.72,2.42,-3.5,2.58,6.61,1.66,-0.24,9.42,-1.18,8.19,3.98,3.94,7.37,15.52,9.34,2.63,13.85,8.98,8.77,6.22,-3.92,13.75,21.06,10.36,6.39,4.69,14.19,4.18,7.25,6.45,7.13,3.31,-1.68,4.51,6.25,1.15,5.68,4.69,5.56,3.76,-0.23,8.65,-6.26
2008-05-01,10.93,0.8,-7.92,1.43,10.07,3.96,-1.26,0.43,0.07,3.57,0.09,0.04,2.14,3.18,0.86,-2.3,3.78,4.82,8.52,3.85,5.89,11.36,-2.96,-0.68,3.61,2.92,6.19,3.68,23.59,3.53,3.58,4.73,0.47,3.1,6.4,5.22,6.09,5.73,1.52,5.44,4.0,6.99,0.38,-1.24,-6.3,-1.19,0.62,-3.47,-1.97
2008-06-01,-1.67,-9.7,-13.46,-5.02,-6.69,-10.24,-20.98,-11.69,-7.96,-12.48,-7.81,-1.45,-3.09,-4.49,-12.26,-15.11,-13.72,-9.21,-7.33,1.56,-6.42,-12.03,-22.86,-17.93,-9.23,-9.78,8.66,-1.75,21.14,1.96,-0.4,-10.89,-9.47,-6.78,-10.59,-7.83,-10.3,-4.27,-12.8,-15.61,-9.72,-7.25,-8.17,-9.99,-20.85,-14.52,-15.78,-13.48,-11.14
2008-07-01,-4.9,6.14,-1.23,2.6,3.59,10.01,-2.37,-4.52,7.93,-3.79,3.78,3.83,7.53,-0.6,5.14,-10.41,-0.55,-2.71,-11.68,2.4,-5.22,-0.26,-3.71,-0.25,7.47,5.05,-7.23,-14.81,-22.94,-15.28,-7.13,-3.18,8.9,0.45,-0.98,-2.0,1.17,2.66,4.44,3.32,5.3,1.31,0.76,1.57,11.91,2.34,-6.0,2.84,0.47
2008-08-01,-3.63,-0.49,7.61,1.18,3.33,-3.75,5.79,3.49,5.92,8.79,5.36,3.48,1.25,-2.77,7.18,14.45,4.56,3.96,-6.88,-0.84,0.27,-1.57,0.11,3.77,2.82,11.57,-9.74,-4.76,-6.19,0.27,-0.43,4.0,2.48,3.71,4.18,1.58,2.09,1.07,2.81,4.18,1.56,3.17,6.15,3.9,-0.19,1.93,6.05,-2.85,0.46
2008-09-01,-12.91,-1.51,0.74,1.87,-5.98,-5.23,-16.96,-13.68,-0.43,-0.95,-6.52,-7.07,-5.7,-18.51,-9.44,-5.31,-7.96,-14.85,-30.96,-19.01,-21.12,-15.71,-10.76,-13.87,-19.56,-6.24,-14.72,-28.49,-38.05,-10.9,-11.94,-12.61,-8.24,-10.04,-15.74,-8.08,-17.39,-11.4,-3.9,-16.99,-9.63,-10.09,-5.2,-4.73,3.48,-12.87,-6.47,-13.62,-2.25
2008-10-01,-11.0,-9.48,-22.5,-14.7,-6.55,-23.27,-32.25,-24.7,-13.39,-21.97,-19.23,-19.39,-8.8,-21.06,-18.95,-28.09,-31.97,-26.25,-32.41,-24.32,-29.93,-24.82,-36.42,-14.42,-21.01,-21.68,-33.6,-34.8,-29.31,-16.27,-11.12,-15.56,-7.25,-23.25,-16.94,-18.22,-17.26,-23.38,-18.32,-19.6,-11.71,-21.09,-14.56,-12.55,-15.24,-26.98,-36.75,-25.98,-18.21
2008-11-01,-10.71,-7.42,-14.61,3.84,-7.33,-11.6,-24.26,-10.64,-2.48,-14.29,-13.57,-18.9,-4.88,-16.39,-5.12,-27.93,-2.15,-4.08,-12.21,-14.2,-8.06,-0.39,-6.19,-11.82,-13.52,-8.36,26.08,-5.0,-29.26,1.02,1.23,-1.58,-2.86,-4.46,-9.68,-10.8,-14.39,-8.83,-4.31,-6.89,-10.37,-11.61,-7.58,-6.41,-17.34,-6.06,-27.47,-14.92,-10.65
2008-12-01,-9.72,2.59,18.04,-1.67,1.33,12.53,7.92,-3.18,-2.06,3.7,7.52,6.18,6.79,-2.36,-0.33,13.05,1.19,8.43,16.36,-4.58,3.2,5.53,-3.02,7.46,10.59,8.96,21.86,11.27,-4.32,-2.38,-2.04,3.46,3.25,3.27,-1.29,2.6,5.64,-2.44,-8.35,12.17,-1.84,6.45,3.53,11.12,-4.36,12.78,8.98,4.42,-4.11
2009-01-01,7.21,-0.29,-7.41,-7.4,-7.11,-14.14,-12.42,-10.68,-10.79,-11.8,-3.6,2.73,-2.93,-6.51,-14.89,-25.21,-16.01,-11.72,-16.64,-5.77,-9.91,-11.96,-9.95,-4.37,-4.58,-2.85,-2.52,-11.67,2.13,-3.64,-0.82,-10.28,-0.1,-7.5,-3.18,-2.96,-3.42,-0.51,-9.95,-10.16,-15.58,-1.4,-8.64,-7.73,-27.84,-14.71,-6.88,-10.04,-15.23
2009-02-01,-0.51,-11.04,-3.2,-4.73,-8.55,-14.2,-15.92,-13.18,-11.07,-8.45,-10.13,-12.56,-9.51,-8.21,-20.88,-28.67,-17.16,-12.24,-19.26,-13.93,-12.89,-15.29,-10.16,-18.01,-21.97,-20.78,4.12,-0.5,-4.94,-12.61,-12.59,-6.94,-10.96,-7.05,-7.35,-2.74,-6.41,-8.62,-14.44,-4.22,-12.26,-8.74,-1.21,-7.47,-16.17,-19.87,-24.68,-3.93,-18.52
2009-03-01,8.89,0.96,14.85,7.0,7.38,5.25,8.55,8.2,0.53,15.62,1.92,4.54,7.8,16.35,5.87,29.74,10.33,15.07,12.32,4.75,11.81,7.64,12.02,6.65,-3.34,8.26,8.56,19.08,0.27,4.03,2.79,7.51,4.23,8.93,14.13,9.93,14.05,6.91,7.92,6.42,8.12,4.15,11.3,9.1,15.42,10.94,0.2,19.42,11.0
2009-04-01,3.1,3.43,28.61,-1.45,2.22,23.14,41.27,30.57,8.67,21.64,15.64,6.54,-3.07,18.98,32.09,59.18,34.6,14.86,25.89,30.39,19.55,22.82,49.45,15.18,28.39,13.99,-8.38,9.78,15.2,4.31,2.09,9.66,-4.86,12.04,17.54,10.66,12.5,9.37,23.44,12.69,14.98,15.08,9.4,9.14,19.85,13.43,65.22,14.31,15.65
2009-05-01,-2.97,7.69,0.95,9.48,12.62,2.73,8.71,-0.27,4.53,3.03,4.02,5.42,6.49,6.96,2.34,-7.06,-3.87,-0.01,9.56,0.44,4.42,-1.48,-3.41,9.39,7.24,6.8,21.33,16.33,35.16,9.81,4.63,1.05,-0.83,0.86,0.6,3.97,3.24,3.48,3.27,6.66,2.93,4.89,-2.97,5.74,10.35,8.24,0.14,12.11,3.25
2009-06-01,-8.08,2.63,-1.41,1.6,1.19,-2.29,-4.78,-1.43,0.68,-3.16,3.8,4.67,3.37,-6.79,0.2,-7.77,-3.26,-0.18,3.36,1.28,-2.59,1.46,5.3,-3.69,-2.82,-3.47,-16.51,-5.15,-12.08,-4.54,4.63,1.65,14.22,1.62,6.19,4.73,2.81,5.38,4.03,2.58,0.43,-0.63,0.0,-3.13,-3.18,-1.5,1.21,1.3,-5.44
2009-07-01,12.09,7.15,6.85,3.71,7.46,10.93,15.79,15.85,10.22,11.92,6.71,2.33,6.03,17.01,19.04,36.16,17.69,10.95,3.76,6.57,15.09,12.7,16.38,5.41,13.66,-6.46,2.21,17.28,15.47,5.06,4.41,5.52,1.31,6.15,12.82,5.38,9.09,6.54,15.87,11.79,11.22,9.06,7.23,2.34,8.83,9.55,9.8,6.92,10.48
2009-08-01,-0.17,-0.05,6.14,-0.73,0.33,4.9,11.1,7.0,-0.8,3.46,3.05,5.3,1.58,1.81,7.02,1.65,6.17,6.28,3.65,5.8,1.68,2.25,1.7,11.08,12.69,1.22,-1.95,5.11,1.36,0.78,0.25,0.73,3.29,2.2,2.59,2.51,1.95,1.18,5.08,0.46,3.48,4.66,3.87,3.14,12.2,10.82,14.03,2.53,3.48
2009-09-01,-6.68,2.12,6.04,7.71,4.56,3.96,12.56,-2.66,6.42,12.39,3.51,2.18,2.36,6.86,6.63,1.15,1.71,-3.27,6.45,6.86,8.77,7.48,2.56,5.61,8.75,4.03,11.89,9.4,16.27,4.76,2.24,6.48,6.28,4.69,7.78,4.94,2.67,6.85,2.05,5.92,3.92,4.05,2.11,3.57,-0.01,-0.01,7.25,7.31,8.09
2009-10-01,-12.35,1.1,-4.05,0.98,-0.28,1.73,-13.0,-0.78,0.65,-2.67,-2.94,-5.43,-3.41,-4.04,-4.19,-6.63,-4.79,-9.06,-12.11,-5.13,-0.01,-5.81,-2.53,-4.32,-7.1,-10.51,-1.58,2.34,-0.02,2.53,-2.71,-3.48,-10.6,-3.81,-1.57,1.79,-6.7,-3.39,-0.55,-5.41,-5.28,-2.8,0.88,-2.9,-5.57,-4.28,-10.23,-3.78,-6.9
2009-11-01,18.12,2.0,0.35,5.27,2.17,4.26,9.26,3.23,7.25,1.7,3.88,9.98,8.16,9.75,4.04,3.01,4.88,-4.13,7.5,3.54,6.05,5.83,11.02,9.38,5.51,12.15,24.06,12.18,10.57,3.04,4.57,6.52,3.69,4.85,3.51,5.38,5.72,3.77,9.17,0.5,11.46,4.47,4.58,7.76,4.9,5.2,10.01,1.67,6.41
2009-12-01,1.95,3.06,5.57,-0.71,3.28,3.68,-0.93,16.78,-1.97,4.54,7.21,3.7,1.87,2.39,1.93,11.02,7.01,6.24,15.7,5.16,3.81,5.26,6.39,3.52,5.47,-1.38,-11.68,-1.84,7.3,-0.75,5.86,6.42,7.34,5.54,5.2,5.41,8.31,6.03,4.04,5.55,4.77,5.07,1.32,2.67,-1.25,2.93,11.33,0.93,-2.17
2010-01-01,-6.64,0.47,-2.4,-3.7,-3.32,-2.25,3.08,3.69,0.77,-3.23,-3.86,-0.34,0.33,-3.97,-7.41,-8.48,-2.92,-0.19,-12.49,-5.91,-6.54,-4.77,0.96,0.88,-9.12,-1.51,-11.15,-16.21,-7.26,-4.76,-4.44,-6.72,-3.34,-3.47,-7.73,-7.73,-9.32,-5.38,-5.01,-8.64,-4.29,-2.5,-1.92,-1.01,1.19,0.74,-3.66,-7.87,7.95
2010-02-01,-6.6,3.02,13.67,0.25,4.39,14.25,2.6,-3.19,3.53,6.5,2.31,2.18,-0.15,5.42,6.55,15.71,3.63,2.01,4.48,7.34,8.4,10.41,6.76,3.95,5.2,5.35,14.34,12.84,10.62,2.34,-0.42,2.76,1.31,2.09,7.13,3.47,5.15,6.81,2.16,7.9,7.71,5.94,4.32,4.57,2.19,3.6,7.28,3.95,2.43
2010-03-01,2.04,4.22,8.21,6.11,6.11,6.46,15.07,5.42,2.02,11.55,7.08,4.45,3.19,7.31,4.68,8.04,8.92,6.03,11.99,5.58,6.42,7.16,8.83,10.91,17.78,6.08,3.84,10.91,1.95,3.28,3.12,7.63,6.77,6.47,9.02,4.72,7.69,7.61,5.89,6.07,8.0,5.98,6.17,8.44,8.49,8.43,13.62,7.3,6.6
2010-04-01,-10.18,0.08,-1.71,-1.77,-2.46,-0.93,16.36,1.73,1.19,4.36,2.53,0.36,-3.13,3.12,8.61,11.42,11.19,9.61,-2.94,4.08,6.07,4.5,4.73,2.22,22.13,1.62,10.8,-3.81,-1.97,4.28,2.85,3.41,3.02,2.15,5.33,0.41,1.53,6.53,4.63,1.84,3.54,3.2,1.83,7.39,3.04,-1.54,5.78,-1.02,0.41
2010-05-01,-18.21,-3.9,-0.19,-3.89,-7.66,-5.51,-7.83,-10.44,-4.22,-5.97,-3.81,-8.47,-8.29,-10.06,-4.9,-9.74,-11.1,-10.7,-7.47,-7.14,-10.4,-10.17,-10.04,-9.57,-11.33,-6.33,-5.16,-5.95,-15.11,-10.1,-6.29,-5.86,-7.61,-6.6,-7.35,-8.38,-7.56,-7.07,-9.0,-8.5,-5.74,-4.02,-5.84,-4.9,-10.69,-5.97,-12.01,-8.47,-10.04
2010-06-01,-8.55,-1.3,-0.71,-1.63,3.3,-3.93,-10.9,-7.54,-3.2,-9.35,-7.51,-3.47,-0.75,-7.88,-8.82,-14.61,-12.69,-13.42,-13.29,-5.98,-5.43,-7.13,-9.83,-5.66,-17.11,-6.92,13.25,-12.76,-9.34,-6.26,-0.7,-3.84,-12.5,-6.09,-5.12,-6.39,-7.48,-5.68,-2.61,-0.54,-7.54,-5.24,-10.59,-5.31,-7.38,-4.74,-12.89,-10.37,-0.15
2010-07-01,18.75,2.95,6.71,8.36,10.74,2.07,9.56,5.61,4.08,8.28,-5.36,0.32,3.1,14.3,7.98,6.49,8.89,6.85,8.26,8.33,14.27,12.68,16.33,10.28,12.54,1.4,-8.91,16.98,14.16,7.45,6.81,9.53,7.74,6.31,6.18,8.66,7.69,1.28,7.77,7.61,10.76,3.22,4.65,7.12,5.86,5.69,14.19,10.34,4.21
2010-08-01,-9.23,1.09,-0.4,-0.02,0.02,-2.31,-0.99,-10.54,-3.84,-7.49,-4.5,-8.15,-0.03,-0.02,-2.33,-5.53,-5.44,-7.21,-8.75,-10.8,-8.16,-6.51,-10.51,-8.15,-9.61,-6.48,11.64,-2.03,-6.39,-3.31,0.37,-1.99,-19.76,-6.45,-9.4,-3.72,-8.57,-6.02,-6.44,-4.08,-5.0,-7.55,-4.19,0.37,-10.38,-4.3,-7.0,-7.94,-4.09
2010-09-01,-5.72,2.43,4.18,4.94,9.74,10.71,15.37,13.98,3.79,17.7,12.4,11.76,8.23,9.93,9.79,13.36,10.77,9.66,12.16,12.98,16.07,13.51,14.08,10.1,19.41,3.92,4.64,14.21,13.56,9.04,3.65,7.87,18.65,11.57,13.82,11.17,13.56,15.39,9.69,5.94,10.2,9.83,13.64,7.51,6.28,8.71,12.64,8.07,8.35
2010-10-01,19.46,3.83,7.44,1.87,5.35,2.13,15.62,6.87,4.41,3.44,3.05,0.25,2.27,8.35,2.35,3.22,4.77,-1.89,4.66,3.39,4.46,4.53,9.68,6.08,1.46,0.55,-2.28,13.16,6.85,4.5,1.86,4.57,-7.2,3.91,5.06,8.81,3.73,6.01,3.08,5.99,5.61,4.91,1.31,6.11,0.01,1.86,-1.79,7.62,-1.84
2010-11-01,0.85,-2.72,0.94,1.96,-3.9,9.15,7.06,-1.87,-2.51,9.25,1.58,-0.23,-4.31,0.82,4.0,-1.27,3.23,2.64,2.93,4.83,6.84,3.25,6.76,-0.51,-0.25,-3.0,0.82,3.99,14.74,5.14,-1.33,-1.89,0.17,1.25,-1.38,-2.72,3.35,2.48,0.5,-0.77,2.3,0.19,4.95,4.13,0.07,-0.72,0.12,-0.81,-0.59
2010-12-01,15.85,4.6,0.98,3.53,4.23,1.94,-1.21,8.38,5.7,0.92,9.23,9.43,4.31,7.54,6.99,4.13,10.58,14.52,13.31,10.91,10.43,5.68,8.35,4.09,16.66,2.92,6.04,16.59,14.6,9.17,3.22,6.58,11.48,6.5,4.18,6.96,5.38,9.6,4.63,5.72,3.12,6.79,3.48,-0.29,12.42,7.42,7.72,9.3,8.03
2011-01-01,5.04,-1.96,1.89,-3.59,-3.3,-6.55,3.75,2.9,-1.01,-3.53,1.72,2.47,-1.62,1.58,1.85,-3.75,2.96,6.66,4.02,3.79,5.51,3.41,0.59,5.06,2.78,11.38,-10.85,-6.34,1.75,7.17,2.2,0.07,-0.37,1.96,4.35,2.48,6.55,2.75,3.01,3.74,-0.47,2.92,-1.27,-2.76,2.58,3.13,2.22,1.52,5.36
2011-02-01,-1.2,6.57,3.19,0.57,8.65,6.03,1.03,2.64,1.36,8.48,6.84,4.55,2.76,4.9,4.47,7.13,3.07,-0.27,3.95,5.86,4.06,2.53,-2.43,2.81,6.87,0.28,4.82,0.02,0.17,7.96,2.43,7.4,11.14,5.12,1.68,1.57,3.94,5.81,3.16,4.22,1.31,2.89,1.41,4.12,1.51,5.12,8.62,3.0,5.03
2011-03-01,0.33,1.55,4.54,3.35,6.34,1.65,-1.09,-0.13,0.14,-4.06,3.51,0.56,2.62,1.96,6.47,4.42,3.49,1.45,0.76,6.0,4.27,1.15,1.54,2.17,18.02,1.63,0.67,0.09,8.62,1.83,0.92,1.68,2.29,1.84,-3.18,-0.12,-3.21,1.85,1.76,0.49,3.13,1.39,0.51,1.95,-1.92,-0.37,1.05,-2.46,-3.02
2011-04-01,-4.16,5.75,5.18,3.93,5.37,4.41,6.7,0.06,5.02,8.1,1.03,5.03,7.09,4.48,3.62,4.95,0.1,0.06,0.52,0.03,1.67,0.89,1.72,4.25,1.68,-1.05,6.28,-2.78,-2.61,1.78,4.0,3.3,1.45,1.85,1.31,3.23,4.63,4.17,1.95,0.64,3.06,4.17,5.18,1.15,-0.62,4.2,5.25,-0.73,1.38
2011-05-01,2.86,2.31,3.67,0.54,4.52,-0.85,-0.44,1.17,2.99,0.64,0.57,-0.18,2.56,-3.63,1.82,2.79,-1.85,-2.64,-5.3,-1.36,-5.92,-6.68,-3.31,-1.66,-6.26,-0.82,-5.81,-5.6,-5.77,-4.47,1.32,0.77,-0.8,-1.78,-2.14,-2.26,-0.88,-0.14,-0.62,5.81,-0.42,1.34,0.2,4.49,-2.83,-1.51,-3.36,-4.05,-3.99
2011-06-01,1.5,-1.11,4.01,0.6,-5.6,-0.6,-1.66,-0.44,-2.7,3.88,-2.93,-3.3,-1.47,-0.3,0.21,-6.46,-1.91,-5.0,-1.95,4.05,-0.57,0.26,-1.44,0.3,-2.75,2.86,-5.07,-0.67,-7.06,-2.17,-0.34,-1.39,1.87,-2.35,-3.67,-0.85,-4.16,-1.42,0.58,-6.67,-0.45,-2.03,-1.38,1.65,-2.24,-1.17,-3.46,-4.45,-2.45
2011-07-01,1.31,-0.21,-5.93,-2.98,2.84,-5.41,6.18,-3.09,-2.8,2.37,-9.19,-4.37,-3.02,-2.05,-5.53,-6.24,-7.49,-4.59,-6.23,-5.67,-4.72,-9.77,-9.59,-5.96,-6.04,-5.81,3.54,-0.78,0.62,0.5,-0.33,-4.95,-0.92,-3.68,4.55,0.69,-6.13,-8.22,-7.04,-4.63,-5.09,-4.54,-0.08,-0.11,-3.63,-5.21,-3.86,-2.67,-4.66
2011-08-01,-6.79,-1.43,2.17,2.26,0.34,-3.03,-6.13,-3.16,0.62,-5.81,-13.81,-4.83,-1.9,-8.36,-2.52,-6.96,-7.33,-10.15,-13.21,-6.9,-8.17,-7.64,-12.0,-7.21,-8.96,-1.29,9.74,-6.01,-19.61,-9.67,0.17,-5.06,-14.36,-6.87,-6.99,-6.26,-7.32,-8.3,-5.37,-8.08,-7.25,-4.08,-3.35,-0.69,-9.33,-7.86,-12.56,-11.6,-5.03
2011-09-01,-12.86,-3.71,-2.63,-3.84,-4.9,-9.45,-21.47,-7.99,-3.74,-5.21,-9.22,-7.74,-2.75,-15.86,-13.08,-14.34,-16.38,-15.33,-20.57,-13.63,-16.48,-13.11,-14.08,-4.37,-18.9,-4.08,-5.13,-30.72,-29.94,-11.74,-1.61,-5.77,-13.92,-8.83,-3.76,-3.93,-5.63,-10.3,-9.82,-12.77,-9.46,-8.15,-2.85,-5.37,-11.67,-8.38,-15.63,-14.75,-5.0
2011-10-01,21.0,3.68,2.56,1.91,7.59,16.27,15.36,8.76,4.27,16.54,11.69,6.28,4.97,18.2,13.43,14.29,24.21,19.95,18.15,19.31,23.03,17.4,23.94,10.56,29.33,5.53,7.98,26.99,28.37,15.93,6.7,7.59,18.68,13.13,11.82,11.47,12.39,11.72,10.6,13.3,15.52,13.8,9.1,10.14,13.23,13.59,16.34,14.17,9.37
2011-11-01,0.27,0.54,-0.82,0.51,7.16,-0.71,-3.13,0.53,0.73,-3.72,1.89,-0.56,1.65,-0.82,-0.14,-1.07,2.77,2.82,-1.45,8.07,2.09,6.75,-7.92,1.74,5.27,4.03,2.49,0.46,-6.31,2.39,1.0,0.3,-3.44,-1.15,-3.32,-1.94,-0.51,-0.94,1.21,0.16,1.41,1.13,0.82,2.41,-4.08,-0.67,0.36,-4.71,-1.67
2011-12-01,-3.97,1.05,2.56,3.97,3.61,-6.47,-4.31,5.1,2.12,-2.31,-1.42,1.9,4.2,0.1,0.65,0.81,-1.45,-0.28,-5.25,-9.83,-3.8,-4.71,-1.7,0.29,2.25,2.88,-12.79,-4.6,-13.66,-0.01,2.93,3.13,4.5,2.21,0.59,-2.68,-1.76,-1.78,1.15,0.57,1.15,-0.01,0.32,4.01,3.12,0.95,1.44,-1.43,3.97
2012-01-01,16.82,0.79,4.24,-2.32,-4.66,11.08,12.52,3.42,-1.15,9.7,4.61,6.7,2.65,11.3,8.14,7.03,6.47,9.65,12.34,7.01,12.77,9.86,13.13,4.9,4.72,2.28,5.34,18.88,1.43,1.02,-2.71,2.37,7.39,5.42,11.43,5.92,9.12,14.99,3.81,8.81,6.78,6.14,4.03,3.23,7.72,5.18,10.51,10.12,3.8
2012-02-01,-5.12,2.07,4.79,0.78,10.53,6.23,5.86,1.35,6.56,6.38,6.54,0.94,0.95,2.17,2.15,5.84,5.12,6.1,-2.69,6.82,4.47,0.71,5.16,4.27,7.49,7.27,-3.19,-5.84,-1.73,6.68,1.31,4.85,-3.19,3.68,11.33,6.0,3.81,2.15,3.63,4.3,-1.51,1.53,3.46,2.82,7.08,5.28,7.45,6.66,1.64
2012-03-01,2.96,1.51,4.22,6.04,4.92,2.95,4.23,4.06,1.56,1.59,0.02,3.56,4.31,2.87,5.7,4.51,3.12,1.43,0.65,11.73,-2.64,2.13,0.15,0.04,-2.38,1.23,-12.01,-4.58,-12.25,-3.08,1.48,2.31,-1.79,2.19,7.07,3.87,3.5,3.93,1.53,1.73,0.76,2.99,5.23,3.97,9.35,3.78,5.71,4.54,3.75
2012-04-01,-4.03,1.03,3.17,1.34,1.83,1.02,-2.76,-2.69,-2.07,-0.07,-0.68,0.23,0.78,1.16,-0.91,-0.15,-1.98,2.1,-4.26,-5.36,-1.52,-1.33,-7.37,0.25,-1.87,1.32,-6.18,0.42,2.42,-1.64,1.73,1.75,-3.4,0.08,-3.39,-0.77,-3.18,-2.94,-0.45,-2.04,1.47,-0.21,1.35,0.83,-2.36,-0.83,2.84,-5.35,-1.58
2012-05-01,0.53,-3.29,1.59,-0.25,-3.61,-7.82,-13.22,-7.76,-4.65,-5.67,-6.23,-5.48,-2.57,-8.43,-5.02,-2.6,-5.56,-8.06,-14.56,-10.52,-11.15,-7.41,-7.64,-7.5,-10.78,-8.26,-3.68,-15.75,-23.66,-10.3,-0.91,-0.81,-10.16,-6.93,-7.22,-7.81,-9.57,-6.39,-5.13,-9.42,-2.02,-6.17,-2.08,-4.47,-9.48,-7.37,-6.18,-11.78,-2.76
2012-06-01,6.89,1.33,2.15,5.74,5.93,1.28,0.16,6.82,-0.01,-10.41,14.51,5.93,6.49,3.13,3.67,2.19,1.7,8.13,4.76,-1.59,0.08,-1.28,-4.4,2.47,8.72,5.41,4.02,8.48,1.95,5.84,3.4,7.05,3.7,5.26,1.56,4.32,2.16,0.24,2.78,1.75,3.99,2.75,3.06,-2.31,5.23,3.58,4.07,4.26,6.67
2012-07-01,3.26,-2.72,2.7,2.05,3.94,6.26,-12.1,0.92,3.57,2.04,-4.47,-4.16,3.23,-0.97,-3.71,-0.75,-2.49,-1.98,-1.32,5.39,1.35,2.32,-0.27,-1.59,2.43,2.96,-8.93,-1.26,-10.56,3.07,3.62,4.14,-11.78,-0.29,2.1,-1.28,-0.44,0.65,0.91,2.53,-0.86,0.46,2.34,-3.39,-0.06,-3.22,-2.4,-1.2,0.89
2012-08-01,2.14,4.4,-7.31,0.28,-2.94,3.41,8.35,6.81,3.21,8.16,7.01,3.54,0.11,2.96,3.86,8.07,7.76,7.96,-1.21,2.17,4.17,3.88,4.13,3.1,-0.73,2.64,15.75,2.89,0.31,2.4,-3.44,0.97,6.24,2.27,8.25,4.17,2.24,2.85,2.21,2.94,-1.54,0.4,3.44,1.64,3.1,6.13,4.92,4.9,-0.63
2012-09-01,4.66,1.13,1.54,-1.04,-0.03,0.12,7.12,6.49,2.61,-0.4,8.34,5.88,4.21,1.48,5.33,5.37,4.11,6.51,3.84,1.64,2.02,-1.21,3.6,-0.89,3.97,3.39,13.6,8.53,2.06,3.86,2.11,4.86,3.97,2.06,0.26,3.27,-2.86,2.53,2.2,4.18,-2.28,0.45,1.84,3.72,4.59,1.38,3.32,4.06,6.29
2012-10-01,-4.83,-0.59,-2.86,-1.9,-2.52,-0.95,2.11,-0.82,1.07,-1.11,-5.14,-3.72,-1.32,-2.46,2.55,4.73,3.77,2.96,-0.78,-1.79,-0.8,1.4,5.93,0.59,2.86,0.52,-2.85,2.28,20.5,-2.23,1.09,-2.4,-2.05,-0.66,-10.68,-5.48,-3.94,-1.47,-2.82,0.93,2.98,2.59,-0.95,-4.92,1.38,2.87,-1.1,2.48,-3.85
2012-11-01,5.85,3.88,3.42,1.95,3.27,2.06,2.07,-2.61,1.3,3.93,4.0,0.86,1.46,3.2,1.98,4.06,4.49,-0.97,2.58,-4.96,1.68,4.58,3.37,4.05,2.01,1.9,-14.18,1.34,-11.26,-1.34,-3.76,0.07,3.89,1.56,0.76,1.17,2.04,4.07,4.28,-0.47,0.42,2.31,1.06,2.64,-0.65,-2.2,0.73,0.07,0.91
2012-12-01,3.0,-0.7,-3.89,-0.9,-5.58,-1.15,4.52,5.31,-1.71,-0.17,3.15,0.36,-0.96,4.45,0.17,3.53,3.25,6.17,6.6,7.16,4.13,3.67,7.97,2.39,5.46,-1.39,-0.84,-1.5,7.67,1.22,0.08,1.15,3.87,3.0,-4.19,1.55,3.03,3.48,3.56,1.99,3.14,2.03,-2.16,1.88,5.29,1.72,5.91,5.72,1.28
2013-01-01,6.99,7.49,2.02,5.12,5.61,2.7,15.93,5.41,8.86,2.31,9.67,10.07,7.57,4.98,11.38,9.2,7.86,11.1,4.2,4.77,8.09,7.27,1.64,2.47,9.01,-3.94,-8.53,3.85,-3.72,7.66,5.05,4.85,8.51,6.77,-6.43,5.87,3.36,7.47,5.85,4.47,8.5,6.48,5.4,5.34,4.39,6.44,5.89,13.04,7.1
2013-02-01,-0.41,4.84,3.59,5.08,2.2,5.88,-1.57,-8.42,3.08,1.47,0.78,-1.23,1.88,-0.88,2.39,5.65,2.29,-3.47,-2.69,8.48,-1.15,0.96,-0.19,3.63,6.36,2.81,-8.22,-7.38,-8.1,0.79,2.2,2.29,3.14,1.41,-1.14,0.83,1.95,1.56,4.56,4.92,3.6,2.04,0.58,0.88,1.26,0.69,3.19,1.56,4.32
2013-03-01,4.6,7.98,4.85,5.31,2.72,7.42,7.89,7.25,2.26,2.77,5.89,3.25,7.2,1.2,6.35,8.91,2.11,6.31,2.09,8.81,0.36,0.63,3.57,5.64,6.45,8.97,2.5,0.38,0.86,2.09,5.68,5.64,9.05,5.13,1.92,2.35,3.64,3.44,5.29,6.97,4.7,3.46,4.78,5.29,4.44,5.25,6.37,3.57,1.77
2013-04-01,1.39,1.75,5.13,3.54,4.4,4.42,4.42,-0.06,1.21,9.05,-0.34,-1.8,3.63,3.97,-0.78,1.0,-2.84,-3.25,-4.38,1.34,-1.21,-1.41,4.45,0.55,-2.86,2.54,-22.22,-6.93,-5.66,-1.32,5.13,4.3,0.18,1.33,-1.56,1.6,0.41,-1.46,-0.05,0.4,-0.13,0.21,3.22,2.54,1.25,3.69,-3.05,-0.12,0.03
2013-05-01,-5.06,-2.03,-5.34,-1.48,-2.97,0.64,2.64,3.79,-0.22,1.1,4.55,5.2,0.8,3.54,1.82,0.71,7.21,3.45,3.87,14.31,5.27,4.05,11.08,6.62,1.74,7.21,3.1,-0.52,0.5,3.09,-7.11,-1.8,8.96,3.07,6.27,3.72,4.75,4.99,2.49,0.67,2.83,3.87,2.39,-0.32,8.18,4.54,-0.97,8.64,5.05
2013-06-01,-0.98,0.85,1.44,0.9,-2.26,1.56,-5.1,1.82,-0.65,0.74,-1.3,0.2,-1.67,-4.95,-3.42,2.28,-5.93,-6.91,-4.7,-1.58,-3.52,-3.27,0.36,1.23,-1.96,2.44,-12.06,-8.95,-23.2,-2.12,0.82,2.09,-4.08,-0.7,-6.34,-2.57,-1.19,-0.44,-0.91,-0.49,-0.97,-0.54,-0.43,1.67,-0.64,1.57,-2.55,-3.1,-0.93
2013-07-01,1.19,5.43,0.06,2.72,1.76,-1.04,6.25,8.26,5.15,1.68,1.66,5.7,8.94,6.41,5.73,11.91,5.85,2.34,7.04,13.96,4.45,9.71,9.7,6.87,6.82,10.58,1.2,-0.1,10.54,5.11,4.58,3.42,5.92,6.26,5.61,4.53,7.85,5.32,6.85,8.62,3.9,6.41,6.4,2.9,6.52,6.0,2.42,7.69,4.46
2013-08-01,-1.24,-3.63,-4.78,-3.94,-4.85,-1.36,3.64,-5.21,-2.89,-1.92,-4.19,-3.75,-3.64,-0.63,-4.06,-3.4,-4.83,-3.81,-2.85,-3.31,-0.31,-1.97,-1.21,-3.1,2.2,2.38,5.58,4.34,3.73,-1.96,-4.42,-3.29,-4.72,-2.17,-5.65,0.02,1.97,-2.52,-3.15,-2.08,-2.72,-2.51,-4.88,-2.18,-4.7,-2.68,-5.59,-5.1,-4.13
2013-09-01,6.17,-0.23,-0.41,1.28,4.27,3.75,11.26,8.98,0.76,7.27,5.97,3.73,4.12,5.19,7.06,8.47,9.13,6.38,8.35,8.43,6.05,7.1,6.74,8.58,7.56,4.95,-11.37,4.73,2.56,1.95,1.04,4.28,2.07,6.64,1.13,5.09,1.94,6.48,3.49,-0.2,5.85,5.66,4.44,4.07,2.48,3.26,3.68,4.56,3.1
2013-10-01,1.03,5.23,4.74,6.33,5.36,9.86,3.36,4.98,6.31,2.46,3.89,5.69,3.17,3.88,6.51,4.42,4.05,5.12,8.23,-4.96,1.46,5.5,-0.13,5.28,6.46,5.22,-3.25,7.59,9.9,4.73,3.34,5.81,6.62,3.61,0.49,2.86,6.43,3.42,6.42,5.43,5.83,5.83,5.41,3.83,2.93,2.45,3.9,6.02,4.56
2013-11-01,7.63,-0.04,2.38,1.13,-2.42,3.23,3.24,1.75,3.87,6.86,2.05,1.97,5.1,1.2,1.77,4.27,3.05,4.27,1.69,0.29,1.51,3.38,1.71,4.59,7.6,7.56,-8.65,-4.95,-3.52,0.9,-1.8,0.09,2.94,3.45,0.69,3.39,4.66,2.9,4.55,-0.79,5.31,3.87,3.74,3.39,6.45,5.73,5.34,5.59,1.56
2013-12-01,3.08,2.9,3.29,-0.41,2.98,2.34,7.95,8.01,-1.96,1.04,-1.32,1.14,0.66,4.98,5.9,3.72,4.71,5.11,6.56,-1.0,5.35,3.23,1.62,2.86,7.28,4.05,-5.22,9.25,7.89,2.98,1.79,3.97,4.29,4.57,4.75,4.4,2.78,5.06,2.58,4.59,2.23,2.56,0.08,-0.28,2.72,1.63,4.39,3.8,3.11
2014-01-01,-8.01,-3.64,-7.59,-0.46,-8.33,-8.62,0.57,-6.52,-6.13,-7.69,1.63,0.92,2.06,-3.82,-5.18,-2.72,-5.46,-3.07,-5.5,-8.77,-4.42,-2.73,-2.55,-3.84,3.04,2.53,-2.79,-7.35,-7.61,-6.89,2.49,-3.8,-3.53,-5.12,1.05,0.41,-5.31,1.46,-4.2,-3.59,-1.57,-2.41,-7.6,-4.62,-3.49,-5.23,-3.1,-5.5,-7.35
2014-02-01,2.99,4.94,1.91,1.57,3.35,3.39,9.45,8.28,3.39,5.4,3.33,3.6,7.17,7.81,2.11,0.84,7.95,5.21,2.57,6.22,5.95,3.81,8.72,3.53,13.42,6.73,8.32,6.05,4.66,5.67,3.08,2.56,7.92,4.46,2.63,5.58,5.23,4.64,4.66,7.9,2.1,4.53,5.8,4.74,2.98,3.77,4.57,3.15,2.44
2014-03-01,3.71,3.18,1.64,4.79,4.08,4.48,-7.43,-0.2,1.85,-0.08,2.09,1.42,-3.5,0.64,-2.58,-0.15,-1.69,-3.56,3.63,-4.68,1.04,0.09,-1.13,-1.29,-0.22,0.91,-2.67,-0.23,-2.99,2.51,2.68,0.17,-1.39,-1.0,3.58,-2.97,2.74,-2.67,-0.04,-1.27,2.77,0.42,-1.22,1.69,3.12,2.25,-2.86,1.15,4.42
2014-04-01,-2.59,0.2,4.7,1.55,5.69,-1.13,-4.35,-1.7,2.87,-3.71,-1.08,-4.7,0.39,0.05,-1.06,0.42,-1.5,-4.21,0.66,-5.35,1.38,-0.83,0.14,1.3,0.91,0.61,3.23,2.88,9.06,5.64,3.98,0.39,-0.66,-1.61,-0.62,-3.42,3.26,-3.29,1.17,-1.52,1.13,-0.57,-0.85,-1.35,-4.64,-1.67,-3.14,-2.68,3.17
2014-05-01,9.84,5.11,0.63,3.29,3.99,-1.07,3.99,-0.5,-0.69,1.99,3.58,4.27,1.37,2.69,-0.63,2.76,0.07,2.45,-1.75,1.63,0.49,-0.52,1.75,1.71,5.43,-0.94,-8.95,-0.96,-7.31,0.97,0.0,4.1,1.85,2.59,3.84,2.41,4.98,3.24,2.52,4.09,5.43,3.49,0.24,2.35,1.67,2.96,1.26,-0.3,-0.32
2014-06-01,2.54,0.1,4.05,2.85,-1.16,0.67,2.15,8.9,-1.32,-0.15,3.24,3.17,2.83,0.78,3.95,7.75,2.35,2.39,4.87,11.85,5.41,3.58,4.09,-2.33,1.35,-0.89,14.66,4.94,3.87,4.13,5.41,1.54,3.36,2.48,2.01,2.3,3.97,2.84,1.36,3.51,1.36,0.98,1.02,2.64,2.77,2.63,3.74,5.16,0.0
2014-07-01,-8.21,-4.75,-6.87,-2.95,-3.26,-5.72,-3.37,-1.74,-2.86,-0.73,6.19,-1.37,-0.54,-3.22,-8.35,-5.72,-7.96,-9.93,2.41,-13.62,-5.99,-6.56,-3.85,-6.06,-0.85,1.82,-3.38,2.9,-11.15,-3.46,-6.4,0.79,-3.28,-1.26,2.2,0.93,-0.37,-3.57,-3.68,-6.46,-2.13,-2.87,-1.75,-3.21,-1.69,-3.81,-3.78,-0.63,-2.71
2014-08-01,3.11,6.2,7.82,5.49,4.64,2.84,-2.75,2.33,5.93,3.48,4.72,1.93,6.23,4.39,5.58,10.18,6.72,7.02,6.12,-3.88,5.36,3.43,4.29,5.46,9.1,4.47,7.61,0.25,4.16,2.29,5.31,0.32,4.95,4.05,2.99,3.28,6.26,3.9,3.6,2.26,4.52,4.73,5.77,2.39,2.6,6.04,9.1,4.74,6.4
2014-09-01,-2.46,-2.09,2.51,0.82,2.02,-7.96,-3.74,-7.1,-0.03,4.01,-3.61,-3.41,0.56,-2.13,-2.03,-2.35,-5.36,-7.64,-4.74,-8.45,-6.82,-4.81,-10.05,-0.93,-1.72,3.99,-17.29,-9.55,-14.45,-7.78,-3.37,-1.44,-7.27,-2.78,-1.27,-0.82,-1.89,-2.43,-3.12,-5.81,0.41,-2.24,-1.52,-0.56,0.09,-1.98,-5.81,-0.25,-0.3
2014-10-01,3.26,2.75,-0.34,3.24,5.85,4.46,-0.32,2.51,4.28,1.44,4.43,10.61,5.23,-1.1,2.53,2.03,4.55,3.44,2.22,0.97,2.23,3.15,1.97,1.75,-6.31,3.26,-20.23,-7.42,-6.3,-4.21,6.71,1.31,3.05,6.46,-1.05,-0.34,3.79,3.44,6.57,5.42,6.53,3.42,3.34,1.29,3.59,5.09,2.57,2.53,1.46
2014-11-01,3.72,4.82,7.63,4.36,0.99,2.32,-1.03,1.29,3.2,8.94,-1.46,4.98,2.37,2.2,3.44,7.57,1.76,1.27,-2.33,-9.16,-1.06,-0.11,5.29,5.19,-2.72,1.11,-0.48,-0.93,3.97,-9.75,0.26,2.46,4.64,2.75,8.01,1.97,6.83,4.12,4.91,4.21,6.27,2.08,9.05,5.69,1.55,2.03,4.62,2.15,4.11
2014-12-01,-0.05,-1.37,-5.17,-4.36,-2.89,-2.68,-5.22,1.86,0.27,-0.69,3.48,0.27,-1.29,0.85,4.46,-0.31,1.48,-1.68,-6.66,-5.8,-1.12,-0.99,0.62,-0.36,-3.4,0.91,3.49,-7.85,-16.48,0.72,1.86,-2.04,2.72,-0.44,0.74,-0.69,-2.85,0.14,1.7,4.53,1.46,0.51,2.23,-0.49,1.97,1.87,-0.41,3.41,-0.6
2015-01-01,-0.89,-2.09,-1.12,0.88,3.07,-0.13,0.26,-1.96,-4.67,-3.92,-2.57,-0.03,2.17,-2.1,-0.65,2.07,-3.78,-6.39,-9.48,-14.08,-7.52,-5.43,-6.29,1.17,-2.21,-0.82,30.1,-10.08,-17.48,-4.21,1.24,-4.47,-7.07,-1.56,-8.08,-5.04,-0.53,-2.45,-2.07,-4.66,-4.45,-2.37,-0.2,0.8,-9.42,-4.42,0.36,-7.46,-4.46
2015-02-01,2.07,3.69,6.49,4.5,5.46,5.42,5.74,8.04,3.58,5.95,4.31,5.79,3.96,8.08,7.56,13.35,5.94,10.63,3.57,14.59,6.22,5.54,8.98,5.51,18.24,7.46,2.42,17.7,15.04,4.65,-4.35,8.91,5.48,7.68,8.07,8.32,9.12,5.34,5.97,11.19,2.85,5.04,5.65,6.81,7.98,7.83,5.82,8.51,5.48
2015-03-01,-5.31,2.55,-4.65,-2.08,-8.47,-4.17,-2.1,0.42,-2.29,1.18,5.04,1.31,0.36,-3.45,1.05,3.32,0.89,1.6,-2.88,2.58,-3.67,-0.53,-0.42,-1.43,0.67,2.56,-16.43,-4.97,-18.65,-2.36,-0.32,-2.11,-2.79,0.54,-7.44,-1.91,-2.8,0.11,-1.47,-3.25,-3.05,0.59,0.99,-0.25,-0.74,2.29,1.4,0.12,-2.21
2015-04-01,1.03,-0.11,-0.43,-0.49,6.01,9.23,3.16,-4.0,-2.67,-1.65,-1.69,-2.72,-1.17,1.15,-4.46,-5.96,-0.86,-5.47,4.08,-2.17,2.33,1.41,0.15,-2.52,-7.47,-6.86,19.17,11.44,10.79,6.65,0.28,3.6,-3.22,-0.88,4.27,3.38,-0.57,-2.92,-2.79,-1.74,-1.61,-1.29,-2.89,0.55,2.06,-1.83,-3.28,0.53,1.64
2015-05-01,3.37,2.68,0.19,1.98,1.45,-3.7,1.66,2.0,-0.04,-0.24,4.9,2.27,5.39,1.21,1.15,4.38,2.28,1.27,-3.87,-6.21,0.21,2.89,1.17,1.67,3.05,1.99,2.63,-6.85,-17.09,-5.05,-0.46,0.33,0.05,1.12,1.9,-0.34,4.96,4.11,1.51,0.34,-3.56,1.48,0.56,1.6,2.66,4.7,1.0,2.45,0.83
2015-06-01,-7.59,-0.75,-2.38,-1.66,-2.57,0.5,1.36,0.14,-0.54,4.0,5.1,-0.16,-0.14,-2.78,-0.53,4.1,-1.8,3.05,-5.35,6.81,-1.03,-3.48,-2.41,-2.4,-9.15,-0.86,-13.31,-4.86,-23.5,-3.67,-5.29,-0.52,-3.69,-1.19,-5.89,-2.16,-5.88,-0.52,-2.75,-3.35,-3.4,-2.55,-0.49,0.33,1.79,2.14,-2.89,-0.41,-3.36
2015-07-01,-2.72,3.69,6.85,3.54,9.74,-3.77,8.12,-2.71,1.0,5.8,1.67,4.5,3.48,-4.91,1.33,-0.7,1.62,0.64,-8.25,-19.29,-5.69,-4.19,-3.12,-1.92,5.12,9.17,-26.42,-10.76,-26.35,-8.89,2.65,1.55,2.32,0.97,2.8,5.91,-2.8,2.39,-0.49,-0.92,3.15,-1.12,5.97,4.26,2.56,1.6,1.42,0.21,1.92
2015-08-01,-4.61,-4.04,-4.7,-3.09,-4.01,-4.82,-7.56,-8.42,-7.11,-3.81,-6.39,-4.52,-9.1,-7.28,-5.84,-3.07,-1.88,-2.57,-4.4,-4.55,-3.62,-9.0,-6.1,-5.04,-4.95,-1.71,-0.29,-1.62,8.09,-3.7,-4.06,-8.38,-1.31,-4.94,-7.9,-5.59,-5.52,-6.97,-5.99,-3.59,-6.5,-4.17,-5.49,-6.42,-6.38,-5.6,-9.43,-8.43,-5.28
2015-09-01,-11.18,-1.75,2.01,2.58,2.5,-5.43,-10.83,-5.44,-0.3,0.35,-9.82,-5.52,-6.94,-8.26,-4.23,-5.9,-7.95,-5.18,-10.62,-21.15,-9.01,-8.81,-2.52,-2.04,-9.9,1.42,-5.8,-6.05,-36.71,-5.55,-0.5,-2.49,-1.32,-2.46,-2.14,-1.32,-0.86,-4.15,-2.36,-4.99,-0.79,-5.8,-1.74,0.58,-3.24,-2.01,-4.39,-4.81,-1.32
2015-10-01,8.65,5.74,5.65,8.07,10.85,11.82,15.32,12.18,6.0,0.74,-4.17,5.29,8.77,16.63,5.74,7.89,8.11,2.61,5.9,-6.41,8.71,7.99,6.01,9.39,7.45,6.4,18.0,7.36,-31.06,12.38,2.09,9.07,4.48,7.2,8.14,11.82,9.18,7.49,10.26,9.84,6.56,5.13,4.53,5.04,5.48,5.22,9.02,7.7,8.54
2015-11-01,1.86,-1.44,2.61,-0.69,-3.03,-2.24,-0.06,-0.17,-1.22,-1.35,0.9,2.58,0.24,1.69,2.16,-2.61,3.13,6.33,-0.89,12.87,1.99,1.39,1.98,-0.51,1.35,0.01,-5.52,-6.24,9.97,1.04,-3.44,-2.02,-3.91,1.92,-3.38,2.01,0.34,5.08,0.02,-0.32,-1.14,2.91,0.64,-0.98,3.07,-0.34,-1.42,3.24,0.51
2015-12-01,2.1,2.92,0.33,0.33,1.57,-2.41,-1.62,-5.81,2.08,-4.2,-2.47,-0.38,0.59,-4.73,2.78,-2.62,-4.25,-6.34,-2.64,-14.67,-5.74,-0.22,-4.12,-1.34,-8.83,-0.35,-1.98,-7.27,-7.41,-9.66,-2.36,-2.97,-6.55,-3.36,-2.34,-0.77,-6.33,-0.4,-3.86,-2.49,-4.98,-1.68,0.84,-0.88,-3.2,-0.63,-5.45,-5.14,1.26
2016-01-01,-6.79,-1.08,-1.51,-0.18,4.41,-1.76,-9.29,-5.61,0.45,1.73,-4.88,-5.02,-11.3,-11.07,-7.72,-5.31,-7.2,-10.1,-9.7,-7.37,-4.95,-8.24,-13.27,-9.85,-6.28,-2.18,9.33,-7.99,-3.38,-4.35,4.67,0.34,-9.1,-7.91,-11.82,-4.67,-6.88,-6.73,-4.44,-11.11,-8.76,-8.37,-4.48,-0.67,-10.9,-6.12,-12.11,-11.3,-3.7
2016-02-01,-0.51,2.1,-0.47,-2.35,0.95,8.13,3.31,-1.81,-0.14,1.28,-2.87,1.08,-1.19,6.85,2.16,0.63,3.83,0.16,7.38,18.45,4.89,3.57,4.09,3.81,-1.0,2.95,31.86,8.07,6.23,-3.03,1.75,0.95,-2.94,1.76,7.09,-3.05,0.63,0.38,3.21,1.57,7.1,4.45,-0.43,0.79,-4.5,0.0,-3.7,-2.29,2.18
2016-03-01,-0.94,3.78,7.21,5.66,4.92,6.94,9.3,7.07,4.81,2.55,8.82,6.32,3.21,8.38,12.34,3.6,10.93,12.12,17.74,9.62,9.63,9.0,10.6,3.72,9.04,2.84,4.72,15.71,25.38,10.86,7.86,6.13,3.08,7.88,8.64,7.86,9.15,8.46,7.81,11.15,6.85,6.14,6.0,5.38,6.31,7.04,11.27,6.79,7.44
2016-04-01,7.2,1.22,-1.35,0.37,-0.28,-3.52,-7.01,1.33,-0.63,-2.19,6.04,6.57,4.58,3.78,0.15,1.54,1.77,-1.11,9.86,16.94,3.6,2.41,1.61,5.08,5.49,3.47,33.92,11.47,29.64,9.16,-0.8,0.67,-4.04,0.47,-3.08,-3.02,-7.97,-0.6,0.53,2.92,-1.12,0.13,-0.35,-2.37,5.99,1.2,-2.32,2.72,-0.44
2016-05-01,16.64,1.23,0.16,-0.9,0.82,3.34,6.02,-1.23,0.29,-4.8,-0.96,2.09,2.72,-1.3,2.43,-1.69,3.73,3.17,-8.49,-4.78,0.37,-0.98,-2.51,-1.73,-2.21,2.59,-7.54,-4.4,1.57,-0.61,2.24,0.29,3.52,3.98,5.06,4.73,6.58,3.37,1.82,1.61,-2.17,1.6,1.22,-1.43,1.93,2.05,-0.38,3.74,-2.05
2016-06-01,-6.58,7.52,3.52,5.32,6.96,-3.1,-4.76,-1.59,3.38,1.81,-0.43,4.1,-0.91,-1.09,0.75,-4.67,-2.34,0.08,2.56,-4.45,-0.63,-0.16,-7.0,0.8,0.38,4.37,23.85,3.65,5.26,2.55,7.42,3.57,1.04,-1.15,-3.07,-2.13,-1.45,-0.25,2.39,0.03,-2.81,1.63,0.81,1.11,-7.18,-0.24,-3.92,-6.85,4.03
2016-07-01,3.65,0.12,-2.89,1.81,-2.77,4.74,6.47,7.8,2.6,1.96,2.5,5.06,6.67,4.35,4.91,9.76,6.3,4.78,13.73,6.04,6.54,5.17,8.9,4.07,5.15,2.31,16.2,4.56,20.92,-2.81,-0.26,2.24,5.06,4.9,7.39,7.76,8.87,5.24,2.27,4.77,5.49,3.44,3.86,2.22,4.81,0.64,5.46,7.19,-0.71
2016-08-01,-0.12,-0.12,-1.4,-0.86,-1.2,1.57,0.81,0.43,1.45,1.04,-6.84,0.04,-3.46,2.47,3.91,1.66,1.19,0.33,-7.67,4.11,3.92,0.16,-0.48,0.12,3.0,-4.53,-13.82,-8.15,-4.53,1.63,-3.77,-3.17,-4.15,0.28,3.51,1.5,2.85,-0.28,1.68,6.26,1.1,-1.02,-1.66,-0.28,6.27,1.7,-0.4,5.62,2.01
2016-09-01,-4.03,-3.14,-2.22,1.77,-2.76,-3.98,6.57,-3.65,0.26,-6.72,2.17,1.38,0.3,-1.72,-2.84,-4.88,-2.57,-2.26,2.46,-0.3,2.66,1.57,-0.3,-0.66,-0.35,-1.18,2.58,2.05,7.68,2.83,1.83,0.48,-0.39,0.71,4.58,0.7,4.86,1.85,-1.49,3.19,2.98,-2.62,-0.1,-2.16,-2.31,0.28,-1.84,-1.25,-3.54
2016-10-01,-2.09,-0.14,-0.29,-1.68,4.61,0.79,6.75,-8.32,-2.94,-5.35,-6.74,-8.04,-7.47,-1.87,-4.5,-7.38,-3.74,-4.17,-2.92,-1.81,-4.07,-5.55,-3.26,2.57,-3.03,1.85,-5.43,3.06,-8.66,-2.97,-0.67,-3.03,-0.93,-2.95,-2.68,-0.11,-1.14,-5.55,-5.98,-3.91,-0.74,-8.12,-3.55,-1.95,3.37,-1.1,-5.86,-0.58,-0.76
2016-11-01,2.11,-5.57,-3.97,-5.79,-5.12,8.99,2.9,8.12,-3.89,1.32,0.94,-1.0,3.19,7.6,6.71,7.92,10.65,8.8,21.63,8.17,12.37,9.48,6.74,8.35,15.04,8.21,-11.32,19.5,20.85,9.54,-2.64,6.55,11.33,3.84,1.16,-0.92,2.71,2.22,4.11,3.44,12.95,9.61,2.82,8.6,13.79,10.9,7.5,15.42,7.37
2016-12-01,3.34,5.44,2.48,2.98,5.42,-7.35,-2.63,2.63,1.61,-0.81,0.85,2.98,0.27,0.36,1.06,1.71,0.11,0.19,-2.15,2.63,-0.16,-0.73,4.32,1.41,1.42,-5.38,2.19,-2.71,-9.64,2.04,3.61,4.88,2.88,0.77,0.5,-0.22,2.91,0.97,2.26,-0.79,0.97,2.21,-0.94,0.52,4.91,1.77,3.44,3.16,3.25
2017-01-01,5.78,1.0,-0.25,-0.95,5.65,0.38,5.76,1.65,2.61,0.33,4.24,5.54,1.22,3.83,2.65,5.63,3.14,4.9,3.49,3.53,4.61,4.06,5.45,1.87,2.96,-0.06,10.49,12.85,-5.31,-4.3,1.07,3.36,3.29,2.88,3.29,5.95,2.51,6.54,1.83,4.98,2.05,1.97,0.96,0.7,0.17,0.87,1.19,1.29,-1.87
2017-02-01,3.94,1.75,0.81,6.15,7.98,6.05,-0.1,-0.16,5.04,2.75,7.26,4.32,7.51,3.13,-0.26,4.08,2.07,2.26,9.16,7.11,2.27,2.27,0.81,6.67,1.79,5.57,-8.19,-8.46,-9.4,-2.42,3.98,-0.03,0.18,3.88,8.4,3.24,7.1,4.65,4.06,0.01,2.78,2.61,2.88,2.53,5.19,3.55,5.33,3.63,3.2
2017-03-01,-0.42,-0.84,3.91,0.88,1.06,1.95,6.38,1.18,-0.36,0.76,-0.75,2.42,-0.35,2.2,0.39,1.29,1.71,3.49,-6.19,0.3,1.46,0.55,-0.32,-1.62,-4.19,0.85,-4.33,-1.86,5.52,-1.23,0.37,0.92,2.03,0.4,0.04,2.01,3.4,0.75,0.46,-1.03,-2.88,-1.11,0.85,2.75,-2.94,-1.03,1.36,-2.11,-1.38
2017-04-01,3.06,0.6,0.68,1.93,-0.09,-4.23,3.83,-1.39,-0.4,-1.02,-1.35,5.05,0.29,1.33,6.41,2.57,1.16,0.22,-0.56,3.77,3.88,-0.45,1.86,4.73,3.09,1.04,2.67,-2.26,-11.88,-2.7,0.33,0.17,1.76,2.06,1.75,4.16,-0.29,4.43,1.63,4.04,2.23,-3.32,3.41,4.31,-0.71,2.45,6.14,-0.33,-1.26
2017-05-01,0.44,-0.09,5.84,4.3,6.18,4.53,3.13,-1.61,1.64,-1.8,-2.05,2.15,-0.62,-0.58,3.67,1.77,-2.08,-2.79,-4.6,-2.21,3.06,-2.1,-0.48,3.05,-2.15,4.64,0.9,-1.65,-5.12,-3.37,2.43,-1.4,-2.5,2.99,-2.61,4.01,6.4,3.55,2.94,2.78,2.76,2.53,0.57,7.08,-2.16,1.38,1.95,-1.36,-1.69
2017-06-01,1.03,-4.35,-0.74,-1.21,-0.94,1.74,-0.41,2.98,-0.23,9.29,7.07,3.69,5.81,2.0,0.58,1.51,2.46,5.84,-0.19,-0.5,-0.24,1.99,3.58,1.6,4.36,-1.21,-5.29,0.82,2.27,-0.13,-1.91,-2.45,4.88,1.36,-2.09,-1.13,-4.44,-0.79,1.51,3.68,3.43,0.2,-2.48,-2.47,6.83,3.75,3.11,6.39,1.12
2017-07-01,-0.81,1.36,2.64,1.22,-5.97,-5.04,6.21,2.94,1.86,1.35,-5.6,-0.19,1.35,1.13,-4.2,2.24,0.61,-0.12,1.31,6.05,3.11,-0.02,-0.94,7.73,-3.1,4.81,11.93,7.75,12.79,1.98,2.99,5.27,0.63,4.58,2.49,3.85,3.76,1.26,-2.7,-1.11,-4.6,-0.85,1.01,-2.4,1.03,2.94,1.31,3.34,0.59
2017-08-01,0.18,-4.87,0.35,1.04,-0.87,-9.65,-0.3,-5.43,0.09,-4.96,-2.37,0.15,3.41,1.65,-1.71,1.27,-1.08,0.05,1.67,2.98,-1.75,-2.68,1.9,2.34,0.36,4.64,2.52,0.51,-0.51,-5.14,2.17,-2.47,3.49,-0.32,1.2,1.82,5.88,4.52,1.13,-0.3,0.55,-4.28,-1.71,1.34,-1.48,-0.44,-1.84,-1.85,0.59
2017-09-01,2.59,0.63,-0.42,-2.92,-2.04,-0.24,3.96,3.04,-0.2,1.36,-1.73,1.26,2.5,6.72,6.53,0.03,7.8,7.32,3.73,6.01,9.08,5.59,7.62,2.46,7.89,3.31,-2.55,-1.73,1.39,11.04,-1.95,-1.51,3.44,2.52,4.27,0.25,-0.08,3.11,2.65,2.02,6.38,4.65,2.73,0.2,6.31,2.11,2.41,6.66,0.59
2017-10-01,1.67,0.21,1.59,1.3,-2.82,-5.35,2.74,-1.87,-3.02,2.78,-3.65,3.95,-3.39,5.65,2.55,5.42,2.81,9.32,2.23,5.25,5.57,4.64,2.2,1.9,2.24,-0.95,-4.72,2.89,2.17,0.44,3.02,-5.55,0.49,4.29,1.64,6.58,8.98,5.32,4.72,3.2,-1.86,-0.78,3.39,3.88,3.2,4.53,3.45,2.2,-2.79
2017-11-01,-1.6,6.32,1.88,4.41,1.41,7.25,3.02,11.55,4.69,7.28,3.59,4.53,1.96,2.15,2.44,7.55,5.49,9.0,-1.39,3.94,2.22,0.5,0.6,4.04,3.44,3.29,0.44,0.1,8.95,2.89,2.42,4.07,1.38,3.08,5.56,-0.23,2.08,1.77,5.6,-0.49,6.86,3.69,9.43,5.31,2.96,5.3,1.79,5.83,0.55
2017-12-01,-1.82,-0.16,0.65,4.4,4.96,-5.66,1.37,1.49,2.41,4.56,3.09,-4.06,0.44,0.63,-1.31,-2.22,2.23,0.68,13.21,-2.45,2.51,3.31,-1.23,4.05,1.57,0.5,2.05,13.83,11.68,4.99,-4.98,4.48,1.37,0.39,1.34,0.41,-0.97,-2.17,-0.84,-0.94,2.99,4.27,2.51,1.25,1.88,-1.64,0.72,2.1,0.81
2018-01-01,4.33,0.39,5.76,-0.11,0.13,3.8,18.29,5.24,-2.31,7.15,8.16,10.06,5.54,1.71,0.34,1.6,1.05,-1.35,3.6,4.09,3.87,2.27,3.57,13.21,-1.33,8.82,6.75,2.77,0.91,2.83,-2.81,3.16,5.24,7.52,9.39,9.66,4.16,8.36,4.72,3.1,2.53,4.81,11.63,2.52,7.28,4.02,3.48,5.24,3.96
2018-02-01,1.21,-6.78,-8.38,-6.74,-6.61,0.67,0.76,-3.42,-6.67,-1.91,-1.98,-2.73,-3.75,-5.16,-8.39,-12.48,-9.56,-10.39,-2.0,0.37,-4.25,-5.55,-6.32,-0.18,2.95,0.06,-5.81,-2.79,5.87,-10.9,-4.54,-7.05,-3.94,-3.02,4.84,-1.35,2.83,-4.0,-5.66,-3.72,-6.28,-5.38,-4.65,-4.07,-2.17,-4.42,-3.74,-1.34,-5.26
2018-03-01,-4.95,-2.28,-0.41,1.24,-1.65,-9.24,0.39,-0.13,1.87,0.68,-1.35,0.29,-3.04,-1.87,1.68,-2.16,-0.72,1.88,-5.87,2.4,-1.18,-1.47,-6.7,-6.1,-0.81,-3.14,2.78,-0.84,-6.49,3.11,3.17,-2.54,2.62,-1.24,-3.1,-3.65,-3.21,-0.4,-5.09,-1.55,0.58,-1.06,-3.24,-0.27,-4.64,-2.13,4.54,-1.3,-3.52
2018-04-01,7.98,-3.44,-0.79,-4.34,-14.17,6.44,3.02,-0.48,-5.59,3.29,0.09,2.97,-0.7,0.77,0.29,-9.58,-5.17,-0.83,3.68,4.06,-5.62,-6.59,0.17,-1.82,-0.5,-4.17,0.57,-4.16,-2.49,10.21,2.78,-2.28,0.67,0.02,1.84,1.47,-3.0,-2.61,-7.36,-1.38,0.27,0.83,4.33,3.68,0.99,3.51,-1.15,-1.55,-1.15
2018-05-01,1.95,-0.83,-1.27,-1.23,-1.87,0.83,9.52,0.73,-0.35,3.89,7.83,5.74,1.24,2.28,-1.27,-1.42,4.37,-0.61,5.6,2.99,2.97,7.98,3.62,4.51,3.0,0.41,-0.07,3.82,11.67,3.36,0.22,-0.83,-0.41,5.3,-1.33,5.86,11.03,3.2,1.88,-3.07,4.92,1.56,1.33,-2.06,1.05,-1.07,-3.35,0.35,-0.11
2018-06-01,-2.96,6.12,4.45,4.37,3.07,5.7,4.79,2.35,4.06,6.76,1.6,2.58,1.21,0.36,0.51,3.42,-1.2,-1.88,-5.14,-4.97,-5.01,-1.56,0.67,-3.19,-0.26,-5.64,-3.29,-1.45,4.07,0.5,2.61,6.43,1.87,2.85,0.67,0.68,-3.11,0.06,0.13,-2.53,-3.5,0.31,4.31,-2.91,-0.93,0.29,-1.72,-3.3,-1.63
2018-07-01,0.58,0.31,5.89,3.54,5.24,4.38,-7.03,-4.62,2.28,0.71,7.51,2.27,6.69,4.85,5.81,-9.08,5.16,-0.21,4.25,13.5,6.28,9.75,-3.11,7.18,8.88,9.85,-3.08,-2.06,-3.1,1.06,1.69,2.71,5.12,1.64,-1.03,2.26,2.27,8.22,6.53,3.89,7.84,2.38,3.58,1.4,4.38,5.22,2.77,2.4,5.83
2018-08-01,-3.85,1.05,-3.12,-1.9,-5.44,6.06,2.29,-4.62,2.57,5.08,5.73,6.16,4.02,0.03,0.52,3.64,0.33,0.68,-3.23,-0.82,-1.97,-0.22,-1.74,-2.39,1.16,-0.29,-15.31,-9.71,-0.7,-2.89,0.93,2.91,0.65,7.5,10.87,4.97,10.72,3.61,-0.28,-0.63,2.91,3.68,9.15,3.66,2.66,3.66,-4.06,0.19,2.36
2018-09-01,-5.98,-2.23,3.11,0.21,5.38,6.15,-1.07,-2.12,1.05,1.11,-0.29,3.86,1.84,-2.85,1.88,-6.51,-1.3,-4.98,-0.69,2.38,0.88,-0.2,-5.05,6.71,2.45,7.17,-2.4,-1.57,-6.08,3.48,-0.56,1.77,-2.05,-0.29,0.21,-0.25,-0.51,1.1,-0.94,1.87,1.25,-1.51,0.58,2.98,-2.96,1.01,-5.15,-3.35,0.23
2018-10-01,-4.01,0.87,1.22,-1.6,7.9,-14.36,-16.05,-5.71,-0.42,-10.09,-6.66,-12.37,-8.07,-12.49,-11.55,-25.99,-16.24,-9.19,-11.62,-10.59,-13.88,-11.79,0.96,-8.88,-17.0,-14.44,0.51,-12.58,1.31,-11.96,-0.07,-0.43,-4.23,-8.42,-7.74,-9.39,-7.88,-9.64,-9.49,-11.02,-9.76,-7.89,-10.26,-1.62,-6.09,-4.33,-11.42,-4.71,-5.5
2018-11-01,-6.8,0.25,6.78,5.85,-8.41,-5.82,0.15,3.75,6.38,-0.97,3.48,4.61,7.05,4.99,6.36,2.91,5.09,1.68,-2.99,-4.38,7.15,3.63,3.79,0.38,7.37,1.3,2.48,-1.77,-14.08,-2.16,3.28,2.53,4.03,1.3,0.87,1.06,-8.4,7.1,7.68,10.2,6.18,3.18,1.61,6.39,2.93,4.27,5.14,-0.11,2.29
2018-12-01,-13.27,-11.12,-7.78,-9.69,-15.82,-15.86,-7.71,-14.45,-5.49,-7.83,-15.31,-8.48,-7.7,-7.8,-8.88,-10.03,-12.22,-9.62,-14.79,-3.16,-9.82,-12.25,-11.28,-10.19,-18.29,-11.74,7.19,-10.65,-2.09,-13.16,-4.76,-8.7,-12.29,-9.41,-9.47,-7.37,-8.83,-9.52,-7.54,-12.5,-15.22,-11.21,-9.18,-6.26,-12.95,-9.94,-12.16,-8.61,-6.59
2019-01-01,14.61,8.51,3.7,3.53,7.87,15.28,19.35,13.38,6.57,12.49,11.3,9.44,4.01,5.53,6.95,9.7,13.1,13.55,17.09,10.41,11.27,11.34,9.77,15.51,6.39,10.37,0.1,9.96,14.24,10.32,5.42,5.44,4.74,10.48,10.58,10.62,6.37,9.32,6.89,12.92,9.93,8.84,8.84,4.59,10.66,8.78,15.4,8.2,6.05
2019-02-01,-0.23,-3.55,-3.59,2.39,10.21,8.29,3.6,3.99,4.76,5.55,1.45,3.76,3.32,3.89,4.22,6.73,5.88,2.08,2.27,14.55,3.88,5.43,2.67,10.27,3.03,6.82,-0.87,8.64,-4.62,2.46,3.56,3.23,5.61,7.04,8.45,4.15,6.86,8.93,3.51,1.45,4.14,4.55,-0.21,4.29,4.36,-1.07,4.93,2.68,0.59
2019-03-01,1.37,5.54,1.23,4.91,6.44,-3.25,0.06,-5.3,4.36,-0.29,-3.46,2.08,0.39,-1.52,2.34,-7.76,-1.86,2.82,-4.66,-1.76,0.35,-3.88,-6.03,-6.76,-3.74,-3.14,3.08,5.98,-1.47,2.06,3.33,0.45,-0.78,2.83,2.36,3.16,5.23,3.14,0.76,3.85,-0.42,-1.53,3.96,3.82,-2.87,-1.17,-2.74,-3.13,0.37
2019-04-01,0.26,2.56,5.25,6.57,-3.55,8.63,6.08,1.52,3.23,5.0,0.4,-3.77,-3.24,5.5,6.77,6.84,6.69,8.05,-2.64,-0.5,6.4,6.4,4.23,3.53,4.09,10.59,-10.51,0.7,2.86,0.11,1.0,6.02,3.08,4.38,4.09,6.7,6.33,1.56,-3.5,2.81,4.96,3.94,4.96,3.96,8.73,2.11,4.17,9.21,6.54
2019-05-01,-4.93,-5.46,0.28,-3.98,-10.29,-1.27,-9.4,-9.07,-3.86,-10.89,-4.76,-2.96,-3.41,-12.91,-9.71,-2.34,-9.36,-4.94,-15.46,-10.8,-11.69,-11.7,-14.44,-8.79,-11.59,2.27,2.97,-10.9,-11.83,-11.88,-1.55,-3.0,-2.48,-2.76,-11.27,-6.37,-13.36,-6.61,-10.47,-5.04,-9.31,-5.93,-7.0,-1.4,-7.43,0.48,-13.7,-6.9,-7.12
2019-06-01,10.7,4.84,4.19,5.25,1.04,9.27,7.2,8.73,6.88,9.03,10.37,9.77,5.88,3.45,8.85,9.72,11.66,5.6,16.04,3.08,12.32,10.65,13.9,7.19,10.45,7.19,18.53,13.97,2.96,8.9,3.64,5.14,6.58,6.98,7.26,5.58,12.3,11.31,8.08,10.1,6.71,7.48,7.17,7.37,6.98,4.05,12.03,6.23,7.42
2019-07-01,0.52,2.49,2.94,-2.15,3.38,13.82,-3.87,3.35,4.89,1.75,2.47,1.2,-3.37,1.32,-1.54,-11.15,0.35,0.26,-2.6,-1.92,0.51,-0.81,0.96,-2.23,3.07,-0.2,-4.43,-2.16,-11.92,-2.65,-1.01,2.05,0.04,2.62,2.63,3.75,5.48,-4.22,0.25,1.44,1.94,0.14,0.51,3.23,3.63,2.2,4.06,2.66,-2.11
2019-08-01,-1.3,-0.07,2.66,6.17,-11.05,1.88,-7.31,-4.47,1.58,-5.18,-5.18,-0.43,-0.36,-5.16,-2.85,-5.46,-2.86,3.19,-12.03,-11.33,-6.28,-5.17,-8.0,4.02,-10.01,5.66,9.22,-6.85,-15.18,-8.78,3.44,0.29,-2.43,-1.58,-12.04,-2.24,-1.92,-0.84,-4.6,1.78,-7.1,-2.45,-0.09,1.48,-5.09,-5.2,-4.11,-3.29,-3.66
2019-09-01,-4.14,1.62,-0.5,1.7,1.95,-6.32,-4.14,0.69,1.73,8.98,0.94,-1.54,-0.96,5.12,1.04,7.36,6.3,6.43,7.09,1.3,6.09,5.57,5.73,2.34,4.34,1.2,-5.18,6.66,-8.65,3.78,3.93,1.23,-2.2,-2.46,4.75,-0.68,4.67,3.37,2.7,-0.94,0.47,5.82,0.87,-2.5,3.95,-0.07,3.1,2.26,2.78
2019-10-01,-4.58,-2.08,-0.5,-1.06,8.1,5.52,5.77,2.52,-0.7,-1.98,2.58,3.02,5.27,-1.19,1.42,10.8,3.97,1.91,3.54,-3.13,6.24,3.04,7.19,-3.78,0.46,-3.8,5.98,-0.8,-11.06,-2.07,-1.39,2.16,-3.26,1.26,-0.13,1.96,7.46,0.33,-0.28,0.83,1.55,2.67,1.66,-4.3,3.7,4.1,1.39,1.06,2.68
2019-11-01,-0.68,3.43,-0.18,-0.6,5.52,4.12,6.41,-0.79,-1.33,4.56,8.27,4.67,5.67,3.82,-0.36,-2.26,4.59,1.9,6.08,-4.44,3.1,8.91,3.13,6.15,11.72,5.52,-2.7,5.97,-9.79,1.2,-2.14,2.49,0.89,3.89,-1.01,5.41,5.94,5.21,3.6,1.8,2.77,4.14,2.07,2.69,5.04,6.51,6.9,7.16,4.35
2019-12-01,11.14,3.06,3.97,1.39,3.22,-1.02,4.91,3.26,2.59,7.58,3.1,1.25,4.08,1.36,3.02,-3.37,2.44,-2.65,0.78,11.65,3.85,2.38,7.51,-5.29,0.29,-0.31,14.83,8.29,0.65,6.24,4.11,1.02,3.27,1.02,4.99,1.93,7.32,4.09,2.71,0.59,-0.22,2.42,1.21,2.27,3.25,2.21,5.58,0.78,1.74
2020-01-01,-3.31,-1.38,5.21,2.7,-3.66,-3.37,1.01,-4.34,0.39,-5.41,0.62,-0.94,-2.47,-7.53,-3.03,-4.55,-1.28,5.89,-15.31,-7.41,-4.98,-4.38,9.45,0.19,-2.34,9.72,1.63,-9.02,-23.13,-11.91,4.83,-2.1,-2.37,2.94,-2.25,5.35,2.25,-2.48,-6.04,-0.97,-0.15,-3.04,1.24,1.5,-3.7,-2.86,-1.86,2.98,0.85
2020-02-01,-6.11,-9.3,-8.19,-7.47,-6.71,-17.11,-3.68,-6.65,-8.46,-9.54,-5.01,-7.65,-4.77,-9.75,-8.13,-8.15,-8.43,-8.66,-10.51,-10.6,-5.43,-6.49,-6.24,-12.12,-10.94,-12.1,-2.85,-12.11,-8.73,-15.4,-9.85,-6.21,-7.14,-7.17,-12.26,-5.23,-8.83,-8.32,-7.42,-7.22,-10.89,-9.39,-6.14,-9.36,-11.49,-8.88,-10.05,-10.48,-8.45
2020-03-01,-11.12,-4.24,-15.44,-9.92,-6.76,-18.85,-16.29,-22.65,-6.75,-19.46,-18.59,-11.38,-2.4,-17.37,-9.39,-36.03,-25.63,-32.14,-22.21,-33.71,-17.52,-21.07,-24.03,-35.8,-23.55,-8.43,-0.33,-18.95,-40.89,-34.66,-12.94,-13.32,-25.3,-18.1,-8.03,-9.83,-8.96,-8.24,-9.71,-9.69,-16.81,-17.72,-4.38,-22.12,-23.9,-12.74,-35.95,-16.91,-14.94
2020-04-01,9.59,8.6,4.76,10.94,1.98,18.03,14.67,8.39,10.26,11.13,15.66,13.93,13.23,16.78,18.29,13.19,13.44,22.0,11.63,11.32,9.79,14.58,28.88,7.04,12.81,13.71,31.84,12.34,17.95,32.89,5.08,9.53,10.11,18.12,8.14,15.65,14.82,16.1,10.49,7.71,8.62,12.49,18.63,18.67,11.41,11.85,12.81,13.7,2.19
2020-05-01,5.1,3.67,4.06,0.92,-1.21,1.58,3.36,11.78,2.12,11.49,4.51,5.27,3.86,9.22,10.3,8.04,11.36,15.01,5.82,4.34,7.03,9.59,9.36,5.16,8.36,1.03,-0.34,4.7,3.17,0.52,4.6,4.79,5.09,10.37,10.25,7.5,7.87,7.09,2.85,3.06,8.05,8.12,4.15,2.59,2.82,3.75,5.54,6.08,0.53
2020-06-01,-2.56,-0.29,-3.26,0.35,-0.72,9.14,2.55,1.31,1.97,2.99,-2.83,-1.38,-1.37,0.8,3.78,5.79,5.18,2.14,4.64,14.43,4.68,5.22,16.11,6.93,-4.94,-3.85,5.41,11.43,-6.41,-0.39,-5.0,-2.6,-2.11,4.37,-0.61,5.16,8.96,2.85,0.96,-0.81,1.12,1.22,5.44,-2.36,-0.27,-1.37,4.7,0.73,-1.9
2020-07-01,5.69,5.98,6.97,5.43,7.78,15.05,4.39,5.01,7.76,0.66,16.52,10.8,1.45,7.22,11.81,-18.95,6.64,13.22,2.24,21.65,8.85,8.87,20.41,-7.94,3.91,3.01,15.06,6.02,6.54,-4.84,6.35,5.04,7.2,6.12,4.05,4.82,10.38,10.45,-0.05,3.54,6.48,5.21,10.43,4.35,0.78,3.69,-0.88,3.08,6.26
2020-08-01,-0.37,3.45,5.61,2.61,4.77,7.52,12.49,3.64,4.83,12.21,0.92,3.34,2.1,5.11,6.17,12.55,8.0,7.23,8.26,-0.55,4.82,12.29,47.55,8.86,0.29,3.39,-1.98,9.86,2.13,-1.2,-2.24,5.6,7.29,4.46,-5.63,9.9,16.37,1.76,6.38,7.12,13.02,5.02,8.12,12.24,6.43,2.2,11.73,4.12,10.04
2020-09-01,0.25,-3.97,-0.58,0.25,-6.55,10.96,-4.64,-4.59,-0.65,5.84,-0.73,-1.43,-1.53,1.01,-2.01,2.62,-2.54,3.92,-4.91,1.58,0.33,0.27,-10.5,-5.31,-5.9,-1.74,-6.25,2.03,8.21,-15.07,-0.32,-1.98,-2.65,-1.51,-5.71,-5.66,-6.02,-0.78,-1.57,3.52,1.4,-2.38,-4.55,-0.77,-5.03,-2.33,-1.73,-4.06,-1.23
2020-10-01,12.55,-3.15,-2.78,-4.6,-5.69,6.67,-4.42,-6.1,-0.53,-1.76,0.13,-2.94,-5.29,-0.13,0.9,5.23,-0.87,-5.88,7.31,15.15,2.39,-0.03,-4.65,-6.22,-1.18,-7.65,-1.63,12.16,-18.97,-4.51,4.47,-3.85,-0.58,-4.3,-5.17,-0.53,-4.43,3.72,-1.55,5.02,-3.38,-0.79,-2.99,-0.91,-1.32,-0.62,3.94,0.2,-2.46
2020-11-01,15.18,7.25,9.21,11.09,8.05,21.04,11.49,23.8,5.76,14.45,13.9,7.62,10.36,12.49,7.93,24.05,14.52,11.12,19.13,19.06,17.4,18.28,36.45,32.53,18.24,6.22,-5.56,14.17,15.97,28.68,2.68,14.48,13.49,16.12,20.08,9.38,11.82,7.62,9.29,10.79,17.44,15.99,7.48,11.18,18.31,11.9,21.42,16.87,16.75
2020-12-01,1.33,1.94,6.84,3.3,8.67,15.89,9.86,10.94,0.78,4.4,7.4,6.26,3.88,3.31,7.43,11.77,4.51,1.13,6.45,14.92,2.83,3.63,16.9,2.41,3.98,-1.18,5.55,9.9,27.39,6.18,0.63,5.24,2.63,3.89,8.29,3.55,7.95,3.45,1.21,2.43,0.82,3.28,0.96,4.04,7.68,4.34,10.42,8.19,2.6
2021-01-01,2.48,-1.32,-9.63,-6.88,-2.28,5.76,-3.87,4.14,-5.95,-4.84,5.69,1.51,3.95,-0.45,-1.29,1.27,0.82,5.92,-4.79,1.68,1.94,2.65,12.46,-7.48,0.39,-5.62,-1.58,2.11,11.2,4.79,-0.44,-3.52,-3.4,-4.34,0.81,0.62,0.73,4.72,-0.54,-5.12,-4.5,-2.52,0.59,-4.38,-3.07,-3.7,3.9,-1.29,-2.59
2021-02-01,12.39,-0.05,0.67,-3.32,5.73,-2.46,10.73,13.65,-0.05,4.06,-2.31,1.12,-2.07,2.48,3.7,19.97,7.19,4.14,17.42,14.98,11.74,6.49,-9.99,8.99,5.32,3.22,-6.87,14.87,4.87,23.7,-4.57,4.24,6.44,8.56,6.36,3.4,-2.59,-2.21,1.68,0.86,9.14,5.23,-3.22,7.67,14.42,3.49,18.28,9.4,5.84
2021-03-01,3.35,8.01,7.15,8.36,11.71,-7.8,-3.27,5.22,7.39,0.38,2.82,-0.62,-0.14,7.77,2.13,8.34,9.34,13.34,22.29,-2.61,7.33,4.43,0.98,11.63,7.67,8.58,9.3,-0.63,-13.68,2.21,10.37,1.62,6.84,1.44,9.42,0.23,0.81,1.61,8.86,5.99,7.83,8.87,5.56,3.25,5.05,9.66,-1.64,4.03,6.48
2021-04-01,4.21,2.7,3.22,3.58,1.43,1.5,0.29,0.32,1.62,4.94,4.73,6.05,1.65,4.41,8.95,6.31,5.13,7.0,2.85,10.81,2.39,-0.72,4.16,1.32,2.95,3.03,3.05,6.11,-0.78,0.57,3.97,3.06,-0.09,7.05,2.61,8.22,4.07,4.98,2.47,8.62,3.92,5.69,7.62,5.33,5.91,6.24,4.38,7.24,5.33
2021-05-01,-6.11,3.9,1.93,2.13,2.04,3.8,-0.93,2.86,0.42,-0.74,1.58,-3.09,0.88,4.84,5.38,3.17,0.01,-1.11,14.45,-5.45,2.33,-0.2,-6.51,5.2,0.38,1.43,19.96,6.63,36.76,6.13,-1.16,-0.58,0.18,-1.07,1.97,-0.72,-1.49,1.1,3.67,-3.52,2.01,1.09,-2.86,-1.38,2.89,3.02,1.01,4.53,4.65
2021-06-01,-2.38,-3.1,-1.45,-0.97,2.0,12.7,1.1,-0.4,-0.51,8.55,0.75,3.86,4.95,-5.06,1.96,-7.34,-2.56,-4.58,-6.12,-1.18,-1.31,5.94,5.44,-2.75,-1.9,1.98,-13.27,-7.79,6.6,5.58,-1.41,0.02,2.55,3.79,1.84,6.76,8.67,5.69,-1.72,-3.61,-4.47,-1.8,3.71,-0.73,-3.09,-3.34,-1.05,1.62,-3.6
2021-07-01,-3.05,-2.43,4.56,1.29,0.96,-3.8,-8.33,-2.54,3.91,4.67,2.79,5.34,2.05,0.18,4.12,0.09,-0.4,3.1,7.2,4.71,0.36,-0.43,-0.63,-1.22,1.71,-1.96,-2.73,2.25,17.24,-8.81,2.97,0.33,1.73,1.2,2.56,3.66,3.13,6.33,-0.96,-1.41,-4.87,2.36,-0.78,5.2,-0.43,0.13,4.3,1.81,0.25
2021-08-01,2.61,-0.56,-0.09,-1.57,3.47,-10.28,10.83,0.47,0.02,-0.57,-2.61,2.59,3.6,0.56,5.75,-0.32,3.16,1.04,3.54,13.47,1.05,1.69,2.58,-1.98,2.71,-2.51,-7.48,-1.7,22.65,-1.37,3.23,1.34,0.34,1.79,5.94,5.35,4.18,3.59,0.64,9.94,-0.46,1.38,2.98,-0.97,2.03,1.92,4.05,6.08,2.0
2021-09-01,-4.14,-2.2,-5.95,-2.94,-7.05,-10.02,1.55,1.27,-4.15,-9.16,-8.14,-4.81,-6.22,-5.59,-7.14,-8.04,-6.59,-8.45,-10.64,2.17,-7.6,-6.25,4.49,0.4,-4.53,-3.96,-6.31,-9.65,10.9,11.18,-4.86,-5.58,-3.29,-5.93,-6.37,-6.4,-5.87,-5.52,-7.24,-6.71,-3.59,-4.59,-4.32,-0.72,0.99,-3.77,-0.92,-5.61,-4.54
2021-10-01,2.79,2.28,5.45,5.36,-1.37,3.66,7.99,2.07,3.81,12.24,0.81,3.84,1.81,8.81,3.48,0.59,7.16,7.46,10.13,-5.18,4.85,13.45,33.95,0.03,4.34,-2.64,0.04,11.89,4.64,10.35,5.11,-4.23,11.28,0.6,5.18,9.41,7.58,6.22,1.0,0.88,10.78,6.47,5.47,0.9,4.03,10.54,6.6,11.51,4.7
2021-11-01,3.17,-3.44,-5.63,0.07,-7.02,-18.05,-7.88,-4.24,0.91,0.11,-11.78,-7.7,-2.16,-0.56,3.36,-4.39,4.12,3.69,-6.28,-2.25,1.22,-3.54,3.05,-6.23,-4.82,0.14,0.76,0.43,-18.72,-5.34,-1.96,-7.18,-2.11,-8.24,2.54,-3.57,12.04,-0.51,-2.9,-1.59,-5.03,-1.13,2.17,-1.85,-6.26,-5.14,-8.93,-4.52,-4.22
2021-12-01,4.86,9.6,12.68,9.21,12.42,-2.2,-1.84,3.86,11.4,-3.67,10.16,8.93,5.43,6.44,5.86,8.7,8.08,8.78,9.8,-4.83,4.57,-4.01,-5.36,6.11,5.31,4.92,11.03,8.48,14.34,2.97,8.55,3.91,0.04,3.05,11.22,-0.15,3.43,5.08,6.07,3.02,7.88,8.75,-0.31,8.14,3.18,9.85,9.55,2.52,4.75
2022-01-01,1.34,1.26,0.14,-1.91,7.88,-18.32,-19.49,-5.64,-5.91,-11.14,-14.46,-11.27,-7.24,-7.56,-11.56,-12.35,-11.83,-13.44,-10.34,-19.19,-6.53,-14.42,-9.96,0.21,-3.18,5.97,-2.46,-6.52,0.66,17.85,-2.1,-1.91,-10.48,-8.67,-10.42,-8.88,-6.54,-12.48,-5.06,2.55,-6.51,-6.44,-9.17,-8.3,1.89,-3.21,-7.93,-3.65,0.54
2022-02-01,8.15,0.9,1.45,-5.33,-0.8,-2.15,-0.66,3.42,-4.28,-5.83,4.12,1.62,-2.44,-2.63,-0.99,-7.34,-0.59,-3.92,23.9,10.58,-4.6,0.25,-7.08,9.56,5.79,10.53,8.1,11.19,35.5,8.15,-1.1,0.27,-1.87,-9.28,-1.2,-6.05,-2.64,-4.11,-8.16,-1.8,0.03,1.65,-1.75,-1.29,-1.87,1.16,-2.75,-4.28,0.2
2022-03-01,10.71,1.2,-0.68,3.35,-2.26,-8.95,-3.78,0.63,-2.93,-0.81,2.66,1.27,6.85,3.14,1.91,-9.06,-6.58,-5.54,15.54,13.47,2.94,1.25,16.71,-2.41,2.92,1.27,20.3,6.8,25.94,9.67,9.67,-2.44,10.64,4.99,2.08,2.3,4.61,4.31,-1.43,3.31,4.16,3.1,3.51,0.12,-4.91,6.41,-1.87,-0.09,7.88
2022-04-01,-0.13,2.53,4.27,3.05,6.37,-11.42,-27.97,-10.87,2.34,-6.93,-15.23,-11.71,-4.33,-2.34,-12.76,6.74,-3.13,-6.23,-6.42,-3.21,-10.17,-13.38,-17.61,-9.32,-5.33,-3.16,-9.34,-15.48,7.8,-1.36,-3.71,-10.63,-4.98,-9.83,-10.52,-12.81,-13.24,-9.72,0.91,-3.86,-10.78,-2.18,-11.43,-5.14,-8.51,-3.34,-11.59,-12.69,-7.47
2022-05-01,7.38,-3.22,-0.3,-1.59,2.68,-1.2,-3.82,-6.96,-5.25,-6.72,-0.8,-2.19,2.16,4.84,-1.18,2.35,2.89,5.74,-8.17,2.46,3.08,-0.98,-9.75,-3.34,1.89,1.96,-6.81,-2.27,2.15,15.83,4.79,8.62,-4.33,-2.11,-3.33,-3.2,-1.23,1.93,1.26,-4.54,-4.84,1.04,-5.6,-2.02,3.58,1.14,-2.27,3.95,-1.12
2022-06-01,-12.51,-2.01,0.46,0.02,-11.62,-11.49,-10.91,-12.4,-2.67,-11.89,-11.65,-7.8,0.65,-15.42,-6.76,-11.21,-11.79,-10.01,-21.15,-4.78,-13.65,-10.17,-11.75,-1.4,-7.73,-3.04,-11.72,-19.72,-10.72,-16.63,-6.54,-6.65,-6.22,-9.91,-8.38,-6.14,-11.16,-7.43,-8.54,-8.46,-7.43,-6.34,-8.62,-8.03,-12.48,-2.05,-13.55,-9.82,-12.08
2022-07-01,6.48,3.64,3.3,5.43,0.55,2.89,17.11,12.08,0.7,11.79,12.88,6.89,0.41,7.66,12.62,6.9,17.73,15.26,20.45,14.41,13.58,21.64,29.04,6.33,8.26,-1.42,-21.22,8.63,3.32,10.37,6.3,-0.04,12.32,13.17,8.69,8.01,17.26,13.02,7.28,7.05,9.41,9.05,16.35,11.4,8.56,3.15,14.07,10.57,10.03
2022-08-01,5.22,-0.3,-4.38,-1.87,-0.13,-5.28,-2.23,-4.98,-2.13,-5.9,-3.27,-4.76,-5.35,-1.38,-5.51,-12.2,-7.86,-5.67,-1.3,-1.29,-5.04,-4.27,-5.73,-1.68,-2.37,2.1,-9.31,-2.58,14.32,3.26,0.15,-2.86,-6.8,-4.59,-5.21,-4.72,-5.63,-8.38,-6.99,-9.11,-1.52,-1.61,-3.48,-1.67,-3.25,-0.85,-6.14,-1.06,-3.05
2022-09-01,-7.11,-7.73,-8.14,-5.27,-10.56,-15.73,-4.2,-13.4,-10.59,-17.45,-4.98,-6.05,-0.21,-11.24,-13.96,-15.52,-7.58,-7.84,-18.0,-5.59,-9.74,-10.5,-6.38,-12.79,-7.58,-8.1,3.0,-7.71,-9.66,-9.18,-11.62,-13.85,-6.36,-10.36,-10.0,-11.19,-12.6,-7.89,-12.99,-13.8,-14.17,-9.5,-7.68,-6.21,-9.08,-4.45,-12.86,-8.63,-6.43
2022-10-01,13.74,11.26,7.12,9.47,12.07,3.95,15.0,8.78,5.66,10.88,4.9,8.61,9.35,8.93,-0.22,8.43,8.27,11.49,19.94,16.16,16.86,2.45,-7.5,15.93,17.12,25.43,1.99,9.11,12.31,24.08,3.51,10.58,11.48,7.53,13.69,1.31,9.18,5.81,12.03,5.67,6.82,13.66,1.87,10.57,13.38,12.82,6.93,11.5,10.78
2022-11-01,2.41,2.96,7.7,3.24,5.59,5.07,7.28,15.67,9.42,17.51,4.48,6.05,5.25,10.54,2.75,6.99,5.57,7.99,13.97,-27.64,9.99,5.63,-9.44,8.6,3.09,1.77,12.0,20.11,13.49,0.83,6.78,2.15,5.91,3.78,6.77,5.91,4.07,9.35,5.41,10.52,10.16,5.06,2.94,5.99,5.17,1.4,10.87,8.6,7.03
2022-12-01,-12.24,-2.38,-0.42,-4.12,1.87,-10.19,-5.39,-7.77,0.78,-0.2,-4.01,0.34,-2.08,-6.28,-2.82,-0.92,-4.6,-0.16,-7.59,-14.87,-4.17,-7.52,-29.99,1.98,-1.87,-0.94,0.51,-4.72,-12.92,-4.05,-1.21,-6.81,-8.21,-5.32,-6.87,-6.77,-10.85,-2.94,-4.01,-4.26,-7.65,-5.63,-8.97,-6.42,-6.48,-3.21,-6.57,-6.55,-3.36
2023-01-01,9.88,-2.19,-2.62,-3.61,1.46,16.47,19.33,11.48,-0.42,9.03,3.46,1.66,-2.37,9.18,10.51,15.89,12.63,13.97,22.16,15.51,8.06,12.32,30.93,3.96,1.39,-1.78,12.23,16.54,3.89,2.79,-1.24,13.53,8.5,9.7,5.8,9.38,12.09,3.12,0.52,9.34,8.72,6.89,10.92,9.76,9.36,-0.35,16.3,8.5,2.14
2023-02-01,-3.37,-1.23,-2.67,0.21,-3.38,-3.79,-4.23,-4.63,-2.75,-6.02,-3.37,-2.67,-4.91,-4.53,3.02,-12.88,1.89,-1.0,2.08,-0.06,-0.85,3.31,11.94,-1.88,-0.07,2.53,-17.58,-3.43,1.22,-6.98,-5.32,-6.5,-2.68,-4.58,1.29,-1.64,3.05,-4.99,-5.04,-4.01,-0.35,-0.34,-5.53,-2.54,-2.71,-3.59,-2.28,-2.16,-2.38
2023-03-01,-2.64,3.45,5.15,4.15,0.11,-1.23,3.04,-3.8,5.16,4.21,-1.56,4.8,2.25,-3.53,0.81,-5.77,-3.32,4.07,-8.08,-6.48,0.38,-3.83,-0.37,1.44,-4.03,0.71,14.81,-0.96,-5.75,-0.18,3.89,-0.13,0.4,-1.55,7.07,11.82,11.47,3.83,0.62,-0.81,-0.82,0.61,3.69,3.34,-11.37,-4.73,-8.18,-7.55,2.42
2023-04-01,0.02,2.93,3.42,4.18,4.1,-3.07,0.79,1.73,4.36,2.22,3.7,7.14,3.18,-0.29,1.85,4.18,2.24,6.44,-6.84,2.07,-4.0,-5.25,-16.33,-0.58,-3.2,-2.32,-3.71,-2.3,-5.26,2.7,1.72,0.99,-0.84,0.01,-6.67,2.41,-0.98,-4.79,1.09,-1.98,-2.36,0.45,1.77,5.06,1.74,3.7,-0.48,0.32,5.34
2023-05-01,-10.94,-5.0,-3.82,-2.85,-8.73,-8.47,3.55,-0.64,-9.11,-13.58,-6.64,-5.89,-2.57,-7.63,-4.55,-11.37,-1.41,-1.0,-8.48,-13.88,-0.87,1.15,15.94,-4.13,-3.7,-3.85,-13.46,-4.07,-12.31,-9.54,-5.82,-9.4,-2.82,-3.1,5.85,9.15,10.56,-2.78,-8.78,-6.1,0.26,-1.27,2.08,-5.16,-3.98,-3.72,0.4,-3.64,-2.08
2023-06-01,6.32,-0.74,1.37,2.79,7.77,10.73,9.38,6.03,7.2,7.13,8.61,8.49,2.95,11.18,13.03,12.17,19.31,15.78,20.22,35.79,14.07,17.65,25.58,7.27,17.86,3.97,3.8,13.06,20.02,6.22,2.61,4.63,7.02,9.08,6.64,3.77,8.54,5.76,6.55,7.86,11.63,11.6,7.94,5.76,7.06,3.75,9.49,5.9,6.73
2023-07-01,-0.94,2.11,2.15,3.24,1.49,6.98,1.32,3.94,0.33,1.01,-0.34,-2.18,0.65,4.38,1.98,3.46,3.65,3.66,3.39,10.55,6.09,3.84,2.88,1.76,5.26,-2.38,2.05,9.42,8.69,7.33,2.79,0.98,4.12,3.65,2.24,4.81,3.58,3.27,5.01,5.55,7.1,-1.03,3.21,2.85,7.14,3.88,5.24,8.21,1.47
